-- phpMyAdmin SQL Dump
-- version 5.1.1
-- https://www.phpmyadmin.net/
--
-- Host: 127.0.0.1
-- Generation Time: Jan 12, 2022 at 04:18 AM
-- Server version: 5.7.31
-- PHP Version: 7.3.31

SET SQL_MODE = "NO_AUTO_VALUE_ON_ZERO";
START TRANSACTION;
SET time_zone = "+00:00";


/*!40101 SET @OLD_CHARACTER_SET_CLIENT=@@CHARACTER_SET_CLIENT */;
/*!40101 SET @OLD_CHARACTER_SET_RESULTS=@@CHARACTER_SET_RESULTS */;
/*!40101 SET @OLD_COLLATION_CONNECTION=@@COLLATION_CONNECTION */;
/*!40101 SET NAMES utf8mb4 */;

--
-- Database: `sudoclue`
--

-- --------------------------------------------------------

--
-- Table structure for table `inprogress`
--

CREATE TABLE `inprogress` (
  `id` int(10) UNSIGNED NOT NULL,
  `historyID` int(10) UNSIGNED DEFAULT NULL,
  `numberReplacement` int(9) DEFAULT NULL,
  `filledSquares` varchar(81) DEFAULT NULL,
  `filledCandidates` json NOT NULL
) ENGINE=InnoDB DEFAULT CHARSET=latin1;

--
-- Dumping data for table `inprogress`
--

INSERT INTO `inprogress` (`id`, `historyID`, `numberReplacement`, `filledSquares`, `filledCandidates`) VALUES
(1, NULL, NULL, NULL, '[[[1, 8], 0, 0, [4], 0, [6], 0, 0, [7]], [0, 0, 0, 0, 0, 0, [4], 0, 0], [0, [1], 0, 0, 0, 0, [6], [5], 0], [[5], 0, [9], 0, [3], 0, [7], [8], 0], [0, 0, 0, 0, [7], 0, 0, 0, 0], [0, [4], [8], 0, [2], 0, [1], 0, [3]], [0, [5], [2], 0, 0, 0, 0, [9], 0], [0, 0, [1], 0, 0, 0, 0, 0, 0], [[3], 0, 0, [9], 0, [2], 0, 0, [5]]]');

-- --------------------------------------------------------

--
-- Table structure for table `logs`
--

CREATE TABLE `logs` (
  `id` int(10) UNSIGNED NOT NULL,
  `sessionID` varchar(63) CHARACTER SET ascii NOT NULL,
  `userID` int(10) UNSIGNED DEFAULT NULL,
  `action` varchar(40) NOT NULL,
  `timestamp` datetime NOT NULL DEFAULT CURRENT_TIMESTAMP ON UPDATE CURRENT_TIMESTAMP,
  `ip` varchar(40) NOT NULL,
  `responseCode` int(3) UNSIGNED NOT NULL
) ENGINE=InnoDB DEFAULT CHARSET=latin1;

--
-- Dumping data for table `logs`
--

INSERT INTO `logs` (`id`, `sessionID`, `userID`, `action`, `timestamp`, `ip`, `responseCode`) VALUES
(1, 'b402oahi54tb6od782ll8lf0ld', NULL, 'login_check', '2022-01-07 07:11:23', '127.0.0.1', 200),
(2, 'b402oahi54tb6od782ll8lf0ld', NULL, 'login_check', '2022-01-07 07:12:10', '127.0.0.1', 200),
(3, 'b402oahi54tb6od782ll8lf0ld', NULL, 'update_password', '2022-01-07 07:12:31', '127.0.0.1', 200),
(4, 'b402oahi54tb6od782ll8lf0ld', NULL, 'update_username', '2022-01-07 07:12:46', '127.0.0.1', 200),
(5, 'b402oahi54tb6od782ll8lf0ld', NULL, 'logout', '2022-01-07 07:13:17', '127.0.0.1', 200),
(6, 'b402oahi54tb6od782ll8lf0ld', NULL, 'login', '2022-01-07 07:13:25', '127.0.0.1', 200),
(7, 'b402oahi54tb6od782ll8lf0ld', NULL, 'update_username', '2022-01-07 07:13:52', '127.0.0.1', 400),
(8, 'b402oahi54tb6od782ll8lf0ld', NULL, 'login_check', '2022-01-07 07:21:13', '127.0.0.1', 200),
(9, 'b402oahi54tb6od782ll8lf0ld', NULL, 'login_check', '2022-01-07 07:21:57', '127.0.0.1', 200),
(10, 'b402oahi54tb6od782ll8lf0ld', NULL, 'login_check', '2022-01-07 07:22:09', '127.0.0.1', 200),
(11, 'b402oahi54tb6od782ll8lf0ld', NULL, 'login_check', '2022-01-07 07:22:11', '127.0.0.1', 200),
(12, 'b402oahi54tb6od782ll8lf0ld', NULL, 'login_check', '2022-01-07 07:22:12', '127.0.0.1', 200),
(13, 'b402oahi54tb6od782ll8lf0ld', NULL, 'login_check', '2022-01-07 07:23:01', '127.0.0.1', 200),
(14, 'b402oahi54tb6od782ll8lf0ld', NULL, 'login_check', '2022-01-07 07:30:31', '127.0.0.1', 200),
(15, 'b402oahi54tb6od782ll8lf0ld', NULL, 'login_check', '2022-01-07 07:30:36', '127.0.0.1', 200),
(16, 'b402oahi54tb6od782ll8lf0ld', NULL, 'login_check', '2022-01-07 07:30:44', '127.0.0.1', 200),
(17, 'b402oahi54tb6od782ll8lf0ld', NULL, 'login_check', '2022-01-08 09:17:31', '127.0.0.1', 200),
(18, 'b402oahi54tb6od782ll8lf0ld', NULL, 'logout', '2022-01-08 09:17:37', '127.0.0.1', 200),
(19, 'b402oahi54tb6od782ll8lf0ld', NULL, 'login_check', '2022-01-08 09:19:58', '127.0.0.1', 401),
(20, 'b402oahi54tb6od782ll8lf0ld', NULL, 'login_check', '2022-01-08 09:25:03', '127.0.0.1', 401),
(21, 'b402oahi54tb6od782ll8lf0ld', NULL, 'login_check', '2022-01-08 09:37:44', '127.0.0.1', 401),
(22, 'b402oahi54tb6od782ll8lf0ld', NULL, 'login_check', '2022-01-08 09:38:44', '127.0.0.1', 401),
(23, 'b402oahi54tb6od782ll8lf0ld', NULL, 'login_check', '2022-01-08 09:39:53', '127.0.0.1', 401),
(24, 'b402oahi54tb6od782ll8lf0ld', NULL, 'login_check', '2022-01-08 09:42:00', '127.0.0.1', 401),
(25, 'b402oahi54tb6od782ll8lf0ld', NULL, 'login_check', '2022-01-08 09:43:22', '127.0.0.1', 401),
(26, 'b402oahi54tb6od782ll8lf0ld', NULL, 'login_check', '2022-01-08 09:43:48', '127.0.0.1', 401),
(27, 'b402oahi54tb6od782ll8lf0ld', NULL, 'login_check', '2022-01-08 09:44:23', '127.0.0.1', 401),
(28, 'b402oahi54tb6od782ll8lf0ld', NULL, 'login_check', '2022-01-08 09:45:03', '127.0.0.1', 401),
(29, 'b402oahi54tb6od782ll8lf0ld', NULL, 'login_check', '2022-01-08 09:46:42', '127.0.0.1', 401),
(30, 'b402oahi54tb6od782ll8lf0ld', NULL, 'login_check', '2022-01-08 09:46:52', '127.0.0.1', 401),
(31, 'b402oahi54tb6od782ll8lf0ld', NULL, 'login_check', '2022-01-08 09:50:27', '127.0.0.1', 401),
(32, 'b402oahi54tb6od782ll8lf0ld', NULL, 'login_check', '2022-01-08 09:50:51', '127.0.0.1', 401),
(33, 'b402oahi54tb6od782ll8lf0ld', NULL, 'login_check', '2022-01-08 09:54:13', '127.0.0.1', 401),
(34, 'b402oahi54tb6od782ll8lf0ld', NULL, 'login_check', '2022-01-08 09:55:24', '127.0.0.1', 401),
(35, 'b402oahi54tb6od782ll8lf0ld', NULL, 'login_check', '2022-01-08 09:56:00', '127.0.0.1', 401),
(36, 'b402oahi54tb6od782ll8lf0ld', NULL, 'login_check', '2022-01-08 09:56:33', '127.0.0.1', 401),
(37, 'b402oahi54tb6od782ll8lf0ld', NULL, 'login_check', '2022-01-08 09:59:05', '127.0.0.1', 401),
(38, 'b402oahi54tb6od782ll8lf0ld', NULL, 'login', '2022-01-08 09:59:08', '127.0.0.1', 400),
(39, 'b402oahi54tb6od782ll8lf0ld', NULL, 'login', '2022-01-08 09:59:21', '127.0.0.1', 400),
(40, 'b402oahi54tb6od782ll8lf0ld', NULL, 'login', '2022-01-08 09:59:31', '127.0.0.1', 400),
(41, 'b402oahi54tb6od782ll8lf0ld', NULL, 'login_check', '2022-01-08 10:05:35', '127.0.0.1', 401),
(42, 'b402oahi54tb6od782ll8lf0ld', NULL, 'login_check', '2022-01-08 10:06:46', '127.0.0.1', 401),
(43, 'b402oahi54tb6od782ll8lf0ld', NULL, 'login_check', '2022-01-08 10:06:58', '127.0.0.1', 401),
(44, 'b402oahi54tb6od782ll8lf0ld', NULL, 'login_check', '2022-01-08 10:09:36', '127.0.0.1', 401),
(45, 'b402oahi54tb6od782ll8lf0ld', NULL, 'login_check', '2022-01-08 10:10:19', '127.0.0.1', 401),
(46, 'b402oahi54tb6od782ll8lf0ld', NULL, 'login_check', '2022-01-08 10:11:17', '127.0.0.1', 401),
(47, 'b402oahi54tb6od782ll8lf0ld', NULL, 'login_check', '2022-01-08 10:12:28', '127.0.0.1', 401),
(48, 'b402oahi54tb6od782ll8lf0ld', NULL, 'login_check', '2022-01-08 10:13:44', '127.0.0.1', 401),
(49, 'b402oahi54tb6od782ll8lf0ld', NULL, 'login_check', '2022-01-08 10:13:47', '127.0.0.1', 401),
(50, 'b402oahi54tb6od782ll8lf0ld', NULL, 'login_check', '2022-01-08 10:13:51', '127.0.0.1', 401),
(51, 'b402oahi54tb6od782ll8lf0ld', NULL, 'login_check', '2022-01-08 10:14:07', '127.0.0.1', 401),
(52, 'b402oahi54tb6od782ll8lf0ld', NULL, 'login_check', '2022-01-08 10:15:15', '127.0.0.1', 401),
(53, 'b402oahi54tb6od782ll8lf0ld', NULL, 'login_check', '2022-01-08 10:15:26', '127.0.0.1', 401),
(54, 'b402oahi54tb6od782ll8lf0ld', NULL, 'login_check', '2022-01-08 10:15:42', '127.0.0.1', 401),
(55, 'b402oahi54tb6od782ll8lf0ld', NULL, 'login_check', '2022-01-08 10:16:34', '127.0.0.1', 401),
(56, 'b402oahi54tb6od782ll8lf0ld', NULL, 'login_check', '2022-01-08 10:17:09', '127.0.0.1', 401),
(57, 'b402oahi54tb6od782ll8lf0ld', NULL, 'login_check', '2022-01-08 10:17:25', '127.0.0.1', 401),
(58, 'b402oahi54tb6od782ll8lf0ld', NULL, 'login_check', '2022-01-08 10:17:38', '127.0.0.1', 401),
(59, 'b402oahi54tb6od782ll8lf0ld', NULL, 'login_check', '2022-01-08 10:17:42', '127.0.0.1', 401),
(60, 'b402oahi54tb6od782ll8lf0ld', NULL, 'login_check', '2022-01-08 10:18:30', '127.0.0.1', 401),
(61, 'b402oahi54tb6od782ll8lf0ld', NULL, 'login_check', '2022-01-08 10:19:26', '127.0.0.1', 401),
(62, 'b402oahi54tb6od782ll8lf0ld', NULL, 'login_check', '2022-01-08 10:21:30', '127.0.0.1', 401),
(63, 'b402oahi54tb6od782ll8lf0ld', NULL, 'login_check', '2022-01-08 10:22:48', '127.0.0.1', 401),
(64, 'b402oahi54tb6od782ll8lf0ld', NULL, 'login_check', '2022-01-08 10:23:12', '127.0.0.1', 401),
(65, 'b402oahi54tb6od782ll8lf0ld', NULL, 'login_check', '2022-01-08 10:24:50', '127.0.0.1', 401),
(66, 'b402oahi54tb6od782ll8lf0ld', NULL, 'login_check', '2022-01-08 10:25:21', '127.0.0.1', 401),
(67, 'b402oahi54tb6od782ll8lf0ld', NULL, 'login_check', '2022-01-08 10:29:59', '127.0.0.1', 401),
(68, 'b402oahi54tb6od782ll8lf0ld', NULL, 'login_check', '2022-01-08 10:39:37', '127.0.0.1', 401),
(69, 'b402oahi54tb6od782ll8lf0ld', NULL, 'login_check', '2022-01-08 10:41:04', '127.0.0.1', 401),
(70, 'b402oahi54tb6od782ll8lf0ld', NULL, 'login_check', '2022-01-08 10:41:43', '127.0.0.1', 401),
(71, 'b402oahi54tb6od782ll8lf0ld', NULL, 'login_check', '2022-01-08 10:45:17', '127.0.0.1', 401),
(72, 'b402oahi54tb6od782ll8lf0ld', NULL, 'login_check', '2022-01-08 11:02:40', '127.0.0.1', 401),
(73, 'b402oahi54tb6od782ll8lf0ld', NULL, 'login_check', '2022-01-08 11:02:50', '127.0.0.1', 401),
(74, 'b402oahi54tb6od782ll8lf0ld', NULL, 'login_check', '2022-01-08 11:03:14', '127.0.0.1', 401),
(75, 'b402oahi54tb6od782ll8lf0ld', NULL, 'login_check', '2022-01-08 11:03:18', '127.0.0.1', 401),
(76, 'b402oahi54tb6od782ll8lf0ld', NULL, 'login_check', '2022-01-08 11:03:37', '127.0.0.1', 401),
(77, 'b402oahi54tb6od782ll8lf0ld', NULL, 'login_check', '2022-01-08 11:04:40', '127.0.0.1', 401),
(78, 'b402oahi54tb6od782ll8lf0ld', NULL, 'login_check', '2022-01-08 11:07:08', '127.0.0.1', 401),
(79, 'b402oahi54tb6od782ll8lf0ld', NULL, 'login_check', '2022-01-08 11:09:08', '127.0.0.1', 401),
(80, 'b402oahi54tb6od782ll8lf0ld', NULL, 'login', '2022-01-08 11:09:28', '127.0.0.1', 400),
(81, 'b402oahi54tb6od782ll8lf0ld', NULL, 'login', '2022-01-09 00:15:00', '127.0.0.1', 400),
(82, 'b402oahi54tb6od782ll8lf0ld', NULL, 'login_check', '2022-01-09 00:16:51', '127.0.0.1', 401),
(83, 'b402oahi54tb6od782ll8lf0ld', NULL, 'login_check', '2022-01-09 00:23:55', '127.0.0.1', 401),
(84, 'b402oahi54tb6od782ll8lf0ld', NULL, 'login_check', '2022-01-09 00:24:06', '127.0.0.1', 401),
(85, 'b402oahi54tb6od782ll8lf0ld', NULL, 'login_check', '2022-01-09 00:27:33', '127.0.0.1', 401),
(86, 'b402oahi54tb6od782ll8lf0ld', NULL, 'login_check', '2022-01-09 00:28:29', '127.0.0.1', 401),
(87, 'b402oahi54tb6od782ll8lf0ld', NULL, 'login_check', '2022-01-09 00:28:34', '127.0.0.1', 401),
(88, 'b402oahi54tb6od782ll8lf0ld', NULL, 'login_check', '2022-01-09 00:28:45', '127.0.0.1', 401),
(89, 'b402oahi54tb6od782ll8lf0ld', NULL, 'login_check', '2022-01-09 00:28:49', '127.0.0.1', 401),
(90, 'b402oahi54tb6od782ll8lf0ld', NULL, 'login_check', '2022-01-09 00:29:43', '127.0.0.1', 401),
(91, 'b402oahi54tb6od782ll8lf0ld', NULL, 'login_check', '2022-01-09 00:29:47', '127.0.0.1', 401),
(92, 'b402oahi54tb6od782ll8lf0ld', NULL, 'login_check', '2022-01-09 00:30:48', '127.0.0.1', 401),
(93, 'b402oahi54tb6od782ll8lf0ld', NULL, 'login_check', '2022-01-09 00:32:36', '127.0.0.1', 401),
(94, 'b402oahi54tb6od782ll8lf0ld', NULL, 'login_check', '2022-01-09 00:34:17', '127.0.0.1', 401),
(95, 'b402oahi54tb6od782ll8lf0ld', NULL, 'login_check', '2022-01-09 00:34:20', '127.0.0.1', 401),
(96, 'b402oahi54tb6od782ll8lf0ld', NULL, 'login_check', '2022-01-09 00:34:56', '127.0.0.1', 401),
(97, 'b402oahi54tb6od782ll8lf0ld', NULL, 'login_check', '2022-01-09 00:35:12', '127.0.0.1', 401),
(98, 'b402oahi54tb6od782ll8lf0ld', NULL, 'login_check', '2022-01-09 00:36:08', '127.0.0.1', 401),
(99, 'b402oahi54tb6od782ll8lf0ld', NULL, 'login_check', '2022-01-09 00:36:53', '127.0.0.1', 401),
(100, 'b402oahi54tb6od782ll8lf0ld', NULL, 'login_check', '2022-01-09 00:38:17', '127.0.0.1', 401),
(101, 'b402oahi54tb6od782ll8lf0ld', NULL, 'login_check', '2022-01-09 00:40:56', '127.0.0.1', 401),
(102, 'b402oahi54tb6od782ll8lf0ld', NULL, 'login_check', '2022-01-09 00:40:59', '127.0.0.1', 401),
(103, 'b402oahi54tb6od782ll8lf0ld', NULL, 'login_check', '2022-01-09 00:41:29', '127.0.0.1', 401),
(104, 'b402oahi54tb6od782ll8lf0ld', NULL, 'register', '2022-01-09 00:41:55', '127.0.0.1', 200),
(105, 'b402oahi54tb6od782ll8lf0ld', NULL, 'register', '2022-01-09 00:42:01', '127.0.0.1', 403),
(106, 'b402oahi54tb6od782ll8lf0ld', NULL, 'login_check', '2022-01-09 00:43:36', '127.0.0.1', 200),
(107, 'b402oahi54tb6od782ll8lf0ld', NULL, 'login_check', '2022-01-09 00:43:45', '127.0.0.1', 200),
(108, 'b402oahi54tb6od782ll8lf0ld', NULL, 'login_check', '2022-01-09 00:43:58', '127.0.0.1', 200),
(109, 'b402oahi54tb6od782ll8lf0ld', NULL, 'login_check', '2022-01-09 00:44:10', '127.0.0.1', 200),
(110, 'b402oahi54tb6od782ll8lf0ld', NULL, 'login_check', '2022-01-09 00:45:09', '127.0.0.1', 200),
(111, 'b402oahi54tb6od782ll8lf0ld', NULL, 'login_check', '2022-01-09 00:46:37', '127.0.0.1', 200),
(112, 'b402oahi54tb6od782ll8lf0ld', NULL, 'login_check', '2022-01-09 01:00:40', '127.0.0.1', 200),
(113, 'b402oahi54tb6od782ll8lf0ld', NULL, 'login_check', '2022-01-09 01:01:15', '127.0.0.1', 200),
(114, 'b402oahi54tb6od782ll8lf0ld', NULL, 'login_check', '2022-01-09 01:02:31', '127.0.0.1', 200),
(115, 'b402oahi54tb6od782ll8lf0ld', NULL, 'login_check', '2022-01-09 01:03:24', '127.0.0.1', 200),
(116, 'b402oahi54tb6od782ll8lf0ld', NULL, 'login_check', '2022-01-09 01:03:30', '127.0.0.1', 200),
(117, 'b402oahi54tb6od782ll8lf0ld', NULL, 'login_check', '2022-01-09 01:03:54', '127.0.0.1', 200),
(118, 'b402oahi54tb6od782ll8lf0ld', NULL, 'login_check', '2022-01-09 01:04:07', '127.0.0.1', 200),
(119, 'b402oahi54tb6od782ll8lf0ld', NULL, 'login_check', '2022-01-09 01:04:12', '127.0.0.1', 200),
(120, 'b402oahi54tb6od782ll8lf0ld', NULL, 'login_check', '2022-01-09 01:32:50', '127.0.0.1', 200),
(121, 'b402oahi54tb6od782ll8lf0ld', NULL, 'login_check', '2022-01-09 01:39:57', '127.0.0.1', 200),
(122, 'b402oahi54tb6od782ll8lf0ld', NULL, 'login_check', '2022-01-09 01:40:18', '127.0.0.1', 200),
(123, 'b402oahi54tb6od782ll8lf0ld', NULL, 'login_check', '2022-01-09 01:40:38', '127.0.0.1', 200),
(124, 'b402oahi54tb6od782ll8lf0ld', NULL, 'login_check', '2022-01-09 02:06:10', '127.0.0.1', 200),
(125, 'b402oahi54tb6od782ll8lf0ld', NULL, 'login_check', '2022-01-09 02:07:28', '127.0.0.1', 200),
(126, 'b402oahi54tb6od782ll8lf0ld', NULL, 'login_check', '2022-01-09 02:09:22', '127.0.0.1', 200),
(127, 'b402oahi54tb6od782ll8lf0ld', NULL, 'login_check', '2022-01-09 02:11:54', '127.0.0.1', 200),
(128, 'b402oahi54tb6od782ll8lf0ld', NULL, 'login_check', '2022-01-09 02:12:00', '127.0.0.1', 200),
(129, 'b402oahi54tb6od782ll8lf0ld', NULL, 'login_check', '2022-01-09 02:12:05', '127.0.0.1', 200),
(130, 'b402oahi54tb6od782ll8lf0ld', NULL, 'login_check', '2022-01-09 02:12:26', '127.0.0.1', 200),
(131, 'b402oahi54tb6od782ll8lf0ld', NULL, 'login_check', '2022-01-09 02:12:58', '127.0.0.1', 200),
(132, 'b402oahi54tb6od782ll8lf0ld', NULL, 'login_check', '2022-01-09 02:13:10', '127.0.0.1', 200),
(133, 'b402oahi54tb6od782ll8lf0ld', NULL, 'login_check', '2022-01-09 02:16:18', '127.0.0.1', 200),
(134, 'b402oahi54tb6od782ll8lf0ld', NULL, 'login_check', '2022-01-09 02:17:20', '127.0.0.1', 200),
(135, 'b402oahi54tb6od782ll8lf0ld', NULL, 'login_check', '2022-01-09 02:18:44', '127.0.0.1', 200),
(136, 'b402oahi54tb6od782ll8lf0ld', NULL, 'login_check', '2022-01-09 02:20:44', '127.0.0.1', 200),
(137, 'b402oahi54tb6od782ll8lf0ld', NULL, 'login_check', '2022-01-09 02:21:52', '127.0.0.1', 200),
(138, 'b402oahi54tb6od782ll8lf0ld', NULL, 'login_check', '2022-01-09 02:22:17', '127.0.0.1', 200),
(139, 'b402oahi54tb6od782ll8lf0ld', NULL, 'login_check', '2022-01-09 02:22:29', '127.0.0.1', 200),
(140, 'b402oahi54tb6od782ll8lf0ld', NULL, 'login_check', '2022-01-09 02:23:01', '127.0.0.1', 200),
(141, 'b402oahi54tb6od782ll8lf0ld', NULL, 'login_check', '2022-01-09 02:23:29', '127.0.0.1', 200),
(142, 'b402oahi54tb6od782ll8lf0ld', NULL, 'login_check', '2022-01-09 02:24:19', '127.0.0.1', 200),
(143, 'b402oahi54tb6od782ll8lf0ld', NULL, 'login_check', '2022-01-09 02:24:36', '127.0.0.1', 200),
(144, 'b402oahi54tb6od782ll8lf0ld', NULL, 'login_check', '2022-01-09 02:24:40', '127.0.0.1', 200),
(145, 'b402oahi54tb6od782ll8lf0ld', NULL, 'login_check', '2022-01-09 02:24:49', '127.0.0.1', 200),
(146, 'b402oahi54tb6od782ll8lf0ld', NULL, 'login_check', '2022-01-09 02:24:54', '127.0.0.1', 200),
(147, 'b402oahi54tb6od782ll8lf0ld', NULL, 'login_check', '2022-01-09 02:24:59', '127.0.0.1', 200),
(148, 'b402oahi54tb6od782ll8lf0ld', NULL, 'login_check', '2022-01-09 02:25:21', '127.0.0.1', 200),
(149, 'b402oahi54tb6od782ll8lf0ld', NULL, 'login_check', '2022-01-09 02:25:56', '127.0.0.1', 200),
(150, 'b402oahi54tb6od782ll8lf0ld', NULL, 'login_check', '2022-01-09 02:28:02', '127.0.0.1', 200),
(151, 'b402oahi54tb6od782ll8lf0ld', NULL, 'login_check', '2022-01-09 02:28:43', '127.0.0.1', 200),
(153, 'uv0pqta10it49a8duecr750gt7', NULL, 'login_check', '2022-01-09 02:29:06', '127.0.0.1', 401),
(154, 'b402oahi54tb6od782ll8lf0ld', NULL, 'login_check', '2022-01-09 02:29:07', '127.0.0.1', 200),
(155, 'uv0pqta10it49a8duecr750gt7', NULL, 'login_check', '2022-01-09 02:29:10', '127.0.0.1', 401),
(156, 'b402oahi54tb6od782ll8lf0ld', NULL, 'login_check', '2022-01-09 02:30:15', '127.0.0.1', 200),
(157, 'b402oahi54tb6od782ll8lf0ld', NULL, 'login_check', '2022-01-09 02:30:29', '127.0.0.1', 200),
(158, 'b402oahi54tb6od782ll8lf0ld', NULL, 'login_check', '2022-01-09 02:31:55', '127.0.0.1', 200),
(159, 'b402oahi54tb6od782ll8lf0ld', NULL, 'login_check', '2022-01-09 02:34:06', '127.0.0.1', 200),
(160, 'b402oahi54tb6od782ll8lf0ld', NULL, 'login_check', '2022-01-09 02:34:14', '127.0.0.1', 200),
(161, 'b402oahi54tb6od782ll8lf0ld', NULL, 'login_check', '2022-01-09 02:39:04', '127.0.0.1', 200),
(162, 'b402oahi54tb6od782ll8lf0ld', NULL, 'login_check', '2022-01-09 02:39:51', '127.0.0.1', 200),
(163, 'b402oahi54tb6od782ll8lf0ld', NULL, 'login_check', '2022-01-09 02:40:07', '127.0.0.1', 200),
(164, 'b402oahi54tb6od782ll8lf0ld', NULL, 'login_check', '2022-01-09 02:42:13', '127.0.0.1', 200),
(165, 'b402oahi54tb6od782ll8lf0ld', NULL, 'login_check', '2022-01-09 02:42:15', '127.0.0.1', 200),
(166, 'b402oahi54tb6od782ll8lf0ld', NULL, 'login_check', '2022-01-09 02:43:25', '127.0.0.1', 200),
(167, 'b402oahi54tb6od782ll8lf0ld', NULL, 'login_check', '2022-01-09 02:43:54', '127.0.0.1', 200),
(168, 'b402oahi54tb6od782ll8lf0ld', NULL, 'login_check', '2022-01-09 02:44:11', '127.0.0.1', 200),
(169, 'b402oahi54tb6od782ll8lf0ld', NULL, 'login_check', '2022-01-09 02:52:07', '127.0.0.1', 200),
(170, 'b402oahi54tb6od782ll8lf0ld', NULL, 'login_check', '2022-01-09 02:52:13', '127.0.0.1', 200),
(171, 'b402oahi54tb6od782ll8lf0ld', NULL, 'login_check', '2022-01-09 02:52:36', '127.0.0.1', 200),
(172, 'b402oahi54tb6od782ll8lf0ld', NULL, 'login_check', '2022-01-09 02:52:38', '127.0.0.1', 200),
(173, 'b402oahi54tb6od782ll8lf0ld', NULL, 'login_check', '2022-01-09 02:52:57', '127.0.0.1', 200),
(174, 'b402oahi54tb6od782ll8lf0ld', NULL, 'login_check', '2022-01-09 02:53:07', '127.0.0.1', 200),
(175, 'b402oahi54tb6od782ll8lf0ld', NULL, 'login_check', '2022-01-09 02:53:23', '127.0.0.1', 200),
(176, 'b402oahi54tb6od782ll8lf0ld', NULL, 'login_check', '2022-01-09 02:53:56', '127.0.0.1', 200),
(177, 'b402oahi54tb6od782ll8lf0ld', NULL, 'login_check', '2022-01-09 02:54:01', '127.0.0.1', 200),
(178, 'b402oahi54tb6od782ll8lf0ld', NULL, 'login_check', '2022-01-09 02:54:38', '127.0.0.1', 200),
(179, 'b402oahi54tb6od782ll8lf0ld', NULL, 'login_check', '2022-01-09 02:54:49', '127.0.0.1', 200),
(180, 'b402oahi54tb6od782ll8lf0ld', NULL, 'login_check', '2022-01-09 02:54:59', '127.0.0.1', 200),
(181, 'b402oahi54tb6od782ll8lf0ld', NULL, 'login_check', '2022-01-09 02:55:05', '127.0.0.1', 200),
(182, 'b402oahi54tb6od782ll8lf0ld', NULL, 'login_check', '2022-01-09 02:55:08', '127.0.0.1', 200),
(183, 'b402oahi54tb6od782ll8lf0ld', NULL, 'login_check', '2022-01-09 02:55:12', '127.0.0.1', 200),
(184, 'b402oahi54tb6od782ll8lf0ld', NULL, 'login_check', '2022-01-09 02:55:27', '127.0.0.1', 200),
(185, 'b402oahi54tb6od782ll8lf0ld', NULL, 'login_check', '2022-01-09 02:55:30', '127.0.0.1', 200),
(186, 'b402oahi54tb6od782ll8lf0ld', NULL, 'login_check', '2022-01-09 02:55:39', '127.0.0.1', 200),
(187, 'b402oahi54tb6od782ll8lf0ld', NULL, 'login_check', '2022-01-09 02:55:42', '127.0.0.1', 200),
(188, 'b402oahi54tb6od782ll8lf0ld', NULL, 'login_check', '2022-01-09 02:56:06', '127.0.0.1', 200),
(189, 'b402oahi54tb6od782ll8lf0ld', NULL, 'login_check', '2022-01-09 02:56:36', '127.0.0.1', 200),
(190, 'b402oahi54tb6od782ll8lf0ld', NULL, 'login_check', '2022-01-09 02:59:52', '127.0.0.1', 200),
(191, 'b402oahi54tb6od782ll8lf0ld', NULL, 'login_check', '2022-01-09 03:00:28', '127.0.0.1', 200),
(192, 'b402oahi54tb6od782ll8lf0ld', NULL, 'login_check', '2022-01-09 03:00:35', '127.0.0.1', 200),
(193, 'b402oahi54tb6od782ll8lf0ld', NULL, 'login_check', '2022-01-09 03:01:14', '127.0.0.1', 200),
(194, 'b402oahi54tb6od782ll8lf0ld', NULL, 'login_check', '2022-01-09 03:01:24', '127.0.0.1', 200),
(195, 'b402oahi54tb6od782ll8lf0ld', NULL, 'login_check', '2022-01-09 03:01:49', '127.0.0.1', 200),
(196, 'b402oahi54tb6od782ll8lf0ld', NULL, 'login_check', '2022-01-09 03:01:54', '127.0.0.1', 200),
(197, 'b402oahi54tb6od782ll8lf0ld', NULL, 'login_check', '2022-01-09 03:01:58', '127.0.0.1', 200),
(198, 'b402oahi54tb6od782ll8lf0ld', NULL, 'login_check', '2022-01-09 03:02:06', '127.0.0.1', 200),
(199, 'b402oahi54tb6od782ll8lf0ld', NULL, 'login_check', '2022-01-09 03:02:22', '127.0.0.1', 200),
(200, 'b402oahi54tb6od782ll8lf0ld', NULL, 'login_check', '2022-01-09 03:03:10', '127.0.0.1', 200),
(201, 'b402oahi54tb6od782ll8lf0ld', NULL, 'login_check', '2022-01-09 03:03:22', '127.0.0.1', 200),
(202, 'b402oahi54tb6od782ll8lf0ld', NULL, 'login_check', '2022-01-09 03:27:17', '127.0.0.1', 200),
(203, 'b402oahi54tb6od782ll8lf0ld', NULL, 'login_check', '2022-01-09 03:51:25', '127.0.0.1', 200),
(204, 'b402oahi54tb6od782ll8lf0ld', NULL, 'login_check', '2022-01-09 03:51:27', '127.0.0.1', 200),
(205, 'b402oahi54tb6od782ll8lf0ld', NULL, 'login_check', '2022-01-09 04:00:39', '127.0.0.1', 200),
(206, 'b402oahi54tb6od782ll8lf0ld', NULL, 'login_check', '2022-01-09 04:00:49', '127.0.0.1', 200),
(207, 'b402oahi54tb6od782ll8lf0ld', NULL, 'login_check', '2022-01-09 04:01:51', '127.0.0.1', 200),
(208, 'b402oahi54tb6od782ll8lf0ld', NULL, 'login_check', '2022-01-09 04:02:19', '127.0.0.1', 200),
(209, 'b402oahi54tb6od782ll8lf0ld', NULL, 'login_check', '2022-01-09 04:02:34', '127.0.0.1', 200),
(210, 'b402oahi54tb6od782ll8lf0ld', NULL, 'login_check', '2022-01-09 04:03:07', '127.0.0.1', 200),
(211, 'b402oahi54tb6od782ll8lf0ld', NULL, 'login_check', '2022-01-09 04:03:51', '127.0.0.1', 200),
(212, 'b402oahi54tb6od782ll8lf0ld', NULL, 'login_check', '2022-01-09 04:03:55', '127.0.0.1', 200),
(213, 'b402oahi54tb6od782ll8lf0ld', NULL, 'login_check', '2022-01-09 04:04:01', '127.0.0.1', 200),
(214, 'b402oahi54tb6od782ll8lf0ld', NULL, 'login_check', '2022-01-09 04:04:11', '127.0.0.1', 200),
(215, 'b402oahi54tb6od782ll8lf0ld', NULL, 'login_check', '2022-01-09 04:04:13', '127.0.0.1', 200),
(216, 'b402oahi54tb6od782ll8lf0ld', NULL, 'login_check', '2022-01-09 04:04:20', '127.0.0.1', 200),
(217, 'b402oahi54tb6od782ll8lf0ld', NULL, 'login_check', '2022-01-09 04:04:31', '127.0.0.1', 200),
(218, 'b402oahi54tb6od782ll8lf0ld', NULL, 'login_check', '2022-01-09 04:04:37', '127.0.0.1', 200),
(219, 'b402oahi54tb6od782ll8lf0ld', NULL, 'update_username', '2022-01-09 04:05:13', '127.0.0.1', 400),
(220, 'b402oahi54tb6od782ll8lf0ld', NULL, 'update_username', '2022-01-09 04:05:25', '127.0.0.1', 200),
(221, 'b402oahi54tb6od782ll8lf0ld', NULL, 'update_username', '2022-01-09 04:06:09', '127.0.0.1', 400),
(222, 'b402oahi54tb6od782ll8lf0ld', NULL, 'login_check', '2022-01-09 04:06:25', '127.0.0.1', 200),
(223, 'b402oahi54tb6od782ll8lf0ld', NULL, 'update_username', '2022-01-09 04:06:39', '127.0.0.1', 200),
(224, 'b402oahi54tb6od782ll8lf0ld', NULL, 'update_username', '2022-01-09 04:07:43', '127.0.0.1', 400),
(225, 'b402oahi54tb6od782ll8lf0ld', NULL, 'update_username', '2022-01-09 04:07:44', '127.0.0.1', 400),
(226, 'b402oahi54tb6od782ll8lf0ld', NULL, 'update_username', '2022-01-09 04:07:51', '127.0.0.1', 400),
(227, 'b402oahi54tb6od782ll8lf0ld', NULL, 'update_username', '2022-01-09 04:07:52', '127.0.0.1', 400),
(228, 'b402oahi54tb6od782ll8lf0ld', NULL, 'update_username', '2022-01-09 04:08:25', '127.0.0.1', 400),
(229, 'b402oahi54tb6od782ll8lf0ld', NULL, 'update_username', '2022-01-09 04:08:31', '127.0.0.1', 400),
(230, 'b402oahi54tb6od782ll8lf0ld', NULL, 'update_username', '2022-01-09 04:08:35', '127.0.0.1', 400),
(231, 'b402oahi54tb6od782ll8lf0ld', NULL, 'login_check', '2022-01-09 05:25:42', '127.0.0.1', 200),
(232, 'b402oahi54tb6od782ll8lf0ld', NULL, 'login_check', '2022-01-09 05:26:04', '127.0.0.1', 200),
(233, 'b402oahi54tb6od782ll8lf0ld', NULL, 'login_check', '2022-01-09 05:26:26', '127.0.0.1', 200),
(234, 'b402oahi54tb6od782ll8lf0ld', NULL, 'login_check', '2022-01-09 05:31:42', '127.0.0.1', 200),
(235, 'b402oahi54tb6od782ll8lf0ld', NULL, 'login_check', '2022-01-09 05:32:14', '127.0.0.1', 200),
(236, 'b402oahi54tb6od782ll8lf0ld', NULL, 'login_check', '2022-01-09 05:34:11', '127.0.0.1', 200),
(237, 'b402oahi54tb6od782ll8lf0ld', NULL, 'login_check', '2022-01-09 05:34:13', '127.0.0.1', 200),
(238, 'b402oahi54tb6od782ll8lf0ld', NULL, 'login_check', '2022-01-09 05:35:43', '127.0.0.1', 200),
(239, 'b402oahi54tb6od782ll8lf0ld', NULL, 'login_check', '2022-01-09 05:35:58', '127.0.0.1', 200),
(240, 'b402oahi54tb6od782ll8lf0ld', NULL, 'login_check', '2022-01-09 05:36:08', '127.0.0.1', 200),
(241, 'b402oahi54tb6od782ll8lf0ld', NULL, 'login_check', '2022-01-09 05:36:13', '127.0.0.1', 200),
(242, 'b402oahi54tb6od782ll8lf0ld', NULL, 'login_check', '2022-01-09 05:36:14', '127.0.0.1', 200),
(243, 'b402oahi54tb6od782ll8lf0ld', NULL, 'login_check', '2022-01-09 05:37:14', '127.0.0.1', 200),
(244, 'b402oahi54tb6od782ll8lf0ld', NULL, 'login_check', '2022-01-09 05:37:21', '127.0.0.1', 200),
(245, 'b402oahi54tb6od782ll8lf0ld', NULL, 'login_check', '2022-01-09 05:37:23', '127.0.0.1', 200),
(246, 'b402oahi54tb6od782ll8lf0ld', NULL, 'login_check', '2022-01-09 05:37:25', '127.0.0.1', 200),
(247, 'b402oahi54tb6od782ll8lf0ld', NULL, 'login_check', '2022-01-09 05:38:13', '127.0.0.1', 200),
(248, 'b402oahi54tb6od782ll8lf0ld', NULL, 'login_check', '2022-01-09 05:38:15', '127.0.0.1', 200),
(249, 'b402oahi54tb6od782ll8lf0ld', NULL, 'login_check', '2022-01-09 05:38:51', '127.0.0.1', 200),
(250, 'b402oahi54tb6od782ll8lf0ld', NULL, 'login_check', '2022-01-09 05:38:54', '127.0.0.1', 200),
(251, 'b402oahi54tb6od782ll8lf0ld', NULL, 'login_check', '2022-01-09 05:39:02', '127.0.0.1', 200),
(252, 'b402oahi54tb6od782ll8lf0ld', NULL, 'login_check', '2022-01-09 05:39:04', '127.0.0.1', 200),
(253, 'b402oahi54tb6od782ll8lf0ld', NULL, 'login_check', '2022-01-09 05:39:34', '127.0.0.1', 200),
(254, 'b402oahi54tb6od782ll8lf0ld', NULL, 'login_check', '2022-01-09 05:39:36', '127.0.0.1', 200),
(255, 'b402oahi54tb6od782ll8lf0ld', NULL, 'login_check', '2022-01-09 05:39:53', '127.0.0.1', 200),
(256, 'b402oahi54tb6od782ll8lf0ld', NULL, 'login_check', '2022-01-09 05:40:24', '127.0.0.1', 200),
(257, 'b402oahi54tb6od782ll8lf0ld', NULL, 'login_check', '2022-01-09 05:40:29', '127.0.0.1', 200),
(258, 'b402oahi54tb6od782ll8lf0ld', NULL, 'login_check', '2022-01-09 05:41:05', '127.0.0.1', 200),
(259, 'b402oahi54tb6od782ll8lf0ld', NULL, 'login_check', '2022-01-09 05:42:53', '127.0.0.1', 200),
(260, 'b402oahi54tb6od782ll8lf0ld', NULL, 'login_check', '2022-01-09 05:42:59', '127.0.0.1', 200),
(261, 'b402oahi54tb6od782ll8lf0ld', NULL, 'login_check', '2022-01-09 05:43:04', '127.0.0.1', 200),
(262, 'b402oahi54tb6od782ll8lf0ld', NULL, 'login_check', '2022-01-09 05:43:08', '127.0.0.1', 200),
(263, 'b402oahi54tb6od782ll8lf0ld', NULL, 'login_check', '2022-01-09 05:43:14', '127.0.0.1', 200),
(264, 'b402oahi54tb6od782ll8lf0ld', NULL, 'login_check', '2022-01-09 05:43:17', '127.0.0.1', 200),
(265, 'b402oahi54tb6od782ll8lf0ld', NULL, 'Invalid', '2022-01-10 09:12:21', '127.0.0.1', 400),
(266, 'b402oahi54tb6od782ll8lf0ld', NULL, 'Invalid', '2022-01-10 09:12:28', '127.0.0.1', 400),
(267, 'b402oahi54tb6od782ll8lf0ld', NULL, 'admin_create_user', '2022-01-10 09:17:36', '127.0.0.1', 200),
(268, 'b402oahi54tb6od782ll8lf0ld', NULL, 'admin_create_user', '2022-01-10 09:17:39', '127.0.0.1', 200),
(269, 'b402oahi54tb6od782ll8lf0ld', NULL, 'admin_create_user', '2022-01-10 10:37:09', '127.0.0.1', 403),
(270, 'b402oahi54tb6od782ll8lf0ld', NULL, 'admin_create_user', '2022-01-10 10:37:19', '127.0.0.1', 403),
(271, 'b402oahi54tb6od782ll8lf0ld', NULL, 'Invalid', '2022-01-11 01:06:15', '127.0.0.1', 400),
(272, 'b402oahi54tb6od782ll8lf0ld', NULL, 'Invalid', '2022-01-11 02:44:23', '127.0.0.1', 400),
(273, 'b402oahi54tb6od782ll8lf0ld', NULL, 'Invalid', '2022-01-11 02:44:44', '127.0.0.1', 400),
(274, 'b402oahi54tb6od782ll8lf0ld', NULL, 'admin_get_users', '2022-01-11 02:52:06', '127.0.0.1', 200),
(275, 'b402oahi54tb6od782ll8lf0ld', NULL, 'admin_get_users', '2022-01-11 02:52:26', '127.0.0.1', 200),
(276, 'b402oahi54tb6od782ll8lf0ld', NULL, 'admin_get_users', '2022-01-11 02:52:28', '127.0.0.1', 200),
(277, 'b402oahi54tb6od782ll8lf0ld', NULL, 'admin_get_users', '2022-01-11 02:52:53', '127.0.0.1', 200),
(278, 'b402oahi54tb6od782ll8lf0ld', NULL, 'admin_get_users', '2022-01-11 02:52:55', '127.0.0.1', 200),
(279, 'b402oahi54tb6od782ll8lf0ld', NULL, 'admin_get_users', '2022-01-11 02:53:04', '127.0.0.1', 200),
(280, 'b402oahi54tb6od782ll8lf0ld', NULL, 'admin_get_users', '2022-01-11 02:53:11', '127.0.0.1', 200),
(281, 'b402oahi54tb6od782ll8lf0ld', NULL, 'admin_get_users', '2022-01-11 02:57:17', '127.0.0.1', 200),
(282, 'b402oahi54tb6od782ll8lf0ld', NULL, 'admin_get_users', '2022-01-11 02:59:38', '127.0.0.1', 200),
(283, 'b402oahi54tb6od782ll8lf0ld', NULL, 'admin_get_users', '2022-01-11 03:01:06', '127.0.0.1', 200),
(284, 'b402oahi54tb6od782ll8lf0ld', NULL, 'admin_get_users', '2022-01-11 03:01:12', '127.0.0.1', 200),
(285, 'b402oahi54tb6od782ll8lf0ld', NULL, 'admin_get_users', '2022-01-11 03:01:14', '127.0.0.1', 200),
(286, 'b402oahi54tb6od782ll8lf0ld', NULL, 'admin_get_users', '2022-01-11 03:01:50', '127.0.0.1', 200),
(287, 'b402oahi54tb6od782ll8lf0ld', NULL, 'admin_get_users', '2022-01-11 03:02:57', '127.0.0.1', 200),
(288, 'b402oahi54tb6od782ll8lf0ld', NULL, 'admin_get_users', '2022-01-11 03:04:23', '127.0.0.1', 200),
(289, 'b402oahi54tb6od782ll8lf0ld', NULL, 'admin_get_users', '2022-01-11 03:05:55', '127.0.0.1', 200),
(290, 'b402oahi54tb6od782ll8lf0ld', NULL, 'admin_get_users', '2022-01-11 03:06:47', '127.0.0.1', 200),
(291, 'b402oahi54tb6od782ll8lf0ld', NULL, 'admin_get_users', '2022-01-11 03:12:32', '127.0.0.1', 200),
(292, 'b402oahi54tb6od782ll8lf0ld', NULL, 'admin_get_users', '2022-01-11 03:20:51', '127.0.0.1', 200),
(293, 'b402oahi54tb6od782ll8lf0ld', NULL, 'admin_get_users', '2022-01-11 03:21:21', '127.0.0.1', 200),
(294, 'b402oahi54tb6od782ll8lf0ld', NULL, 'admin_get_users', '2022-01-11 03:36:41', '127.0.0.1', 200),
(295, 'b402oahi54tb6od782ll8lf0ld', NULL, 'admin_get_users', '2022-01-11 03:37:34', '127.0.0.1', 200),
(296, 'b402oahi54tb6od782ll8lf0ld', NULL, 'admin_get_users', '2022-01-11 03:40:39', '127.0.0.1', 200),
(297, 'b402oahi54tb6od782ll8lf0ld', NULL, 'admin_get_users', '2022-01-11 03:58:11', '127.0.0.1', 200),
(298, 'b402oahi54tb6od782ll8lf0ld', NULL, 'admin_get_users', '2022-01-11 04:05:06', '127.0.0.1', 200),
(299, 'b402oahi54tb6od782ll8lf0ld', NULL, 'admin_get_users', '2022-01-11 04:07:17', '127.0.0.1', 200),
(300, 'b402oahi54tb6od782ll8lf0ld', NULL, 'delete_user', '2022-01-11 04:07:20', '127.0.0.1', 200),
(301, 'b402oahi54tb6od782ll8lf0ld', NULL, 'admin_get_users', '2022-01-11 04:07:24', '127.0.0.1', 200),
(302, 'b402oahi54tb6od782ll8lf0ld', NULL, 'admin_get_users', '2022-01-11 04:10:24', '127.0.0.1', 200),
(303, 'b402oahi54tb6od782ll8lf0ld', NULL, 'delete_user', '2022-01-11 04:10:29', '127.0.0.1', 200),
(304, 'b402oahi54tb6od782ll8lf0ld', NULL, 'admin_get_users', '2022-01-11 04:10:31', '127.0.0.1', 200),
(305, 'b402oahi54tb6od782ll8lf0ld', NULL, 'admin_get_users', '2022-01-11 04:11:15', '127.0.0.1', 200),
(306, 'b402oahi54tb6od782ll8lf0ld', NULL, 'admin_get_users', '2022-01-11 04:12:19', '127.0.0.1', 200),
(307, 'b402oahi54tb6od782ll8lf0ld', NULL, 'delete_user', '2022-01-11 04:12:19', '127.0.0.1', 200),
(308, 'b402oahi54tb6od782ll8lf0ld', NULL, 'admin_get_users', '2022-01-11 04:14:47', '127.0.0.1', 200),
(319, 'b402oahi54tb6od782ll8lf0ld', NULL, 'Invalid', '2022-01-11 06:50:06', '127.0.0.1', 400),
(320, 'b402oahi54tb6od782ll8lf0ld', NULL, 'Invalid', '2022-01-11 06:55:08', '127.0.0.1', 400),
(321, 'b402oahi54tb6od782ll8lf0ld', NULL, 'admin_get_users', '2022-01-11 06:55:11', '127.0.0.1', 200),
(322, 'b402oahi54tb6od782ll8lf0ld', NULL, 'admin_get_users', '2022-01-11 06:55:36', '127.0.0.1', 200),
(323, 'b402oahi54tb6od782ll8lf0ld', NULL, 'admin_get_users', '2022-01-11 06:56:07', '127.0.0.1', 200),
(324, 'dde8hqdifkva3ie8r5cg2rj7dm', NULL, 'admin_get_users', '2022-01-11 06:56:36', '127.0.0.1', 200),
(325, 'dde8hqdifkva3ie8r5cg2rj7dm', NULL, 'admin_get_users', '2022-01-11 07:02:06', '127.0.0.1', 200),
(326, 'dde8hqdifkva3ie8r5cg2rj7dm', NULL, 'admin_get_users', '2022-01-11 07:04:39', '127.0.0.1', 200),
(327, 'dde8hqdifkva3ie8r5cg2rj7dm', NULL, 'admin_get_users', '2022-01-11 07:05:45', '127.0.0.1', 200),
(328, 'dde8hqdifkva3ie8r5cg2rj7dm', 79, 'login_check', '2022-01-11 07:05:45', '127.0.0.1', 401),
(329, 'dde8hqdifkva3ie8r5cg2rj7dm', 79, 'admin_get_users', '2022-01-11 07:05:53', '127.0.0.1', 200),
(330, 'dde8hqdifkva3ie8r5cg2rj7dm', 79, 'login_check', '2022-01-11 07:05:53', '127.0.0.1', 401),
(331, 'dde8hqdifkva3ie8r5cg2rj7dm', 79, 'Invalid', '2022-01-11 07:06:23', '127.0.0.1', 400),
(332, 'dde8hqdifkva3ie8r5cg2rj7dm', 79, 'admin_edit_user', '2022-01-11 07:07:46', '127.0.0.1', 200),
(333, '9hv401jkq8ceirugppfidrfrj3', NULL, 'admin_get_users', '2022-01-11 07:36:25', '127.0.0.1', 200),
(334, '2u5h03bc74cdlb3j0bvm2hvn10', NULL, 'login_check', '2022-01-11 07:36:25', '127.0.0.1', 500),
(335, 'dde8hqdifkva3ie8r5cg2rj7dm', 79, 'admin_get_users', '2022-01-11 07:37:24', '127.0.0.1', 200),
(336, 'dde8hqdifkva3ie8r5cg2rj7dm', 79, 'login_check', '2022-01-11 07:37:24', '127.0.0.1', 401),
(337, 'dde8hqdifkva3ie8r5cg2rj7dm', 79, 'admin_edit_user', '2022-01-11 07:37:42', '127.0.0.1', 200),
(338, 'dde8hqdifkva3ie8r5cg2rj7dm', 79, 'admin_edit_user', '2022-01-11 07:37:58', '127.0.0.1', 400),
(339, 'dde8hqdifkva3ie8r5cg2rj7dm', 79, 'admin_edit_user', '2022-01-11 07:38:16', '127.0.0.1', 500),
(340, 'dde8hqdifkva3ie8r5cg2rj7dm', 79, 'admin_edit_user', '2022-01-11 07:39:17', '127.0.0.1', 400),
(341, 'dde8hqdifkva3ie8r5cg2rj7dm', 79, 'admin_get_users', '2022-01-11 07:41:13', '127.0.0.1', 200),
(342, 'dde8hqdifkva3ie8r5cg2rj7dm', 79, 'login_check', '2022-01-11 07:41:13', '127.0.0.1', 401),
(343, 'dde8hqdifkva3ie8r5cg2rj7dm', 79, 'admin_get_users', '2022-01-11 07:41:28', '127.0.0.1', 200),
(344, 'dde8hqdifkva3ie8r5cg2rj7dm', 79, 'login_check', '2022-01-11 07:41:28', '127.0.0.1', 401),
(345, 'dde8hqdifkva3ie8r5cg2rj7dm', 79, 'admin_get_users', '2022-01-11 07:42:19', '127.0.0.1', 200),
(346, 'dde8hqdifkva3ie8r5cg2rj7dm', 79, 'admin_get_users', '2022-01-11 07:42:24', '127.0.0.1', 200),
(347, 'dde8hqdifkva3ie8r5cg2rj7dm', 79, 'login_check', '2022-01-11 07:42:24', '127.0.0.1', 401),
(348, 'dde8hqdifkva3ie8r5cg2rj7dm', 79, 'admin_get_users', '2022-01-11 07:44:42', '127.0.0.1', 200),
(349, 'dde8hqdifkva3ie8r5cg2rj7dm', 79, 'login_check', '2022-01-11 07:44:42', '127.0.0.1', 401),
(350, 'dde8hqdifkva3ie8r5cg2rj7dm', 79, 'admin_get_users', '2022-01-11 07:44:43', '127.0.0.1', 200),
(351, 'dde8hqdifkva3ie8r5cg2rj7dm', 79, 'login_check', '2022-01-11 07:44:43', '127.0.0.1', 401),
(352, 'dde8hqdifkva3ie8r5cg2rj7dm', 79, 'admin_get_users', '2022-01-11 07:45:26', '127.0.0.1', 200),
(353, 'dde8hqdifkva3ie8r5cg2rj7dm', 79, 'login_check', '2022-01-11 07:45:26', '127.0.0.1', 401),
(354, 'dde8hqdifkva3ie8r5cg2rj7dm', 79, 'admin_get_users', '2022-01-11 07:48:18', '127.0.0.1', 200),
(355, 'dde8hqdifkva3ie8r5cg2rj7dm', 79, 'login_check', '2022-01-11 07:48:18', '127.0.0.1', 401),
(356, 'dde8hqdifkva3ie8r5cg2rj7dm', 79, 'admin_get_users', '2022-01-11 07:49:44', '127.0.0.1', 200),
(357, 'dde8hqdifkva3ie8r5cg2rj7dm', 79, 'login_check', '2022-01-11 07:49:44', '127.0.0.1', 401),
(358, 'dde8hqdifkva3ie8r5cg2rj7dm', 79, 'admin_get_users', '2022-01-11 07:50:23', '127.0.0.1', 200),
(359, 'dde8hqdifkva3ie8r5cg2rj7dm', 79, 'login_check', '2022-01-11 07:50:23', '127.0.0.1', 401),
(360, 'dde8hqdifkva3ie8r5cg2rj7dm', 79, 'admin_get_users', '2022-01-11 07:51:21', '127.0.0.1', 200),
(361, 'dde8hqdifkva3ie8r5cg2rj7dm', 79, 'admin_get_users', '2022-01-11 07:51:48', '127.0.0.1', 200),
(362, 'dde8hqdifkva3ie8r5cg2rj7dm', 79, 'admin_get_users', '2022-01-11 07:53:14', '127.0.0.1', 200),
(363, 'dde8hqdifkva3ie8r5cg2rj7dm', 79, 'login_check', '2022-01-11 07:53:14', '127.0.0.1', 401),
(364, 'dde8hqdifkva3ie8r5cg2rj7dm', 79, 'admin_get_users', '2022-01-11 07:53:30', '127.0.0.1', 200),
(365, 'dde8hqdifkva3ie8r5cg2rj7dm', 79, 'login_check', '2022-01-11 07:53:30', '127.0.0.1', 401),
(366, 'dde8hqdifkva3ie8r5cg2rj7dm', 79, 'admin_edit_user', '2022-01-11 07:53:36', '127.0.0.1', 200),
(367, 'dde8hqdifkva3ie8r5cg2rj7dm', 79, 'admin_get_users', '2022-01-11 07:55:08', '127.0.0.1', 200),
(368, 'dde8hqdifkva3ie8r5cg2rj7dm', 79, 'login_check', '2022-01-11 07:55:08', '127.0.0.1', 401),
(369, 'dde8hqdifkva3ie8r5cg2rj7dm', 79, 'admin_get_users', '2022-01-11 07:55:48', '127.0.0.1', 200),
(370, 'dde8hqdifkva3ie8r5cg2rj7dm', 79, 'login_check', '2022-01-11 07:55:48', '127.0.0.1', 401),
(371, 'dde8hqdifkva3ie8r5cg2rj7dm', 79, 'admin_get_users', '2022-01-11 07:55:55', '127.0.0.1', 200),
(372, 'dde8hqdifkva3ie8r5cg2rj7dm', 79, 'login_check', '2022-01-11 07:55:55', '127.0.0.1', 401),
(373, 'dde8hqdifkva3ie8r5cg2rj7dm', 79, 'admin_get_users', '2022-01-11 07:56:57', '127.0.0.1', 200),
(374, 'dde8hqdifkva3ie8r5cg2rj7dm', 79, 'login_check', '2022-01-11 07:56:57', '127.0.0.1', 401),
(375, 'dde8hqdifkva3ie8r5cg2rj7dm', 79, 'admin_edit_user', '2022-01-11 07:59:32', '127.0.0.1', 200),
(376, 'dde8hqdifkva3ie8r5cg2rj7dm', 79, 'admin_get_users', '2022-01-11 07:59:32', '127.0.0.1', 200),
(377, 'dde8hqdifkva3ie8r5cg2rj7dm', 79, 'admin_edit_user', '2022-01-11 07:59:43', '127.0.0.1', 200),
(378, 'dde8hqdifkva3ie8r5cg2rj7dm', 79, 'admin_get_users', '2022-01-11 07:59:43', '127.0.0.1', 200),
(379, 'dde8hqdifkva3ie8r5cg2rj7dm', 79, 'admin_get_users', '2022-01-11 08:01:13', '127.0.0.1', 200),
(380, 'dde8hqdifkva3ie8r5cg2rj7dm', 79, 'admin_get_users', '2022-01-11 08:01:25', '127.0.0.1', 200),
(381, 'dde8hqdifkva3ie8r5cg2rj7dm', 79, 'admin_get_users', '2022-01-11 08:01:30', '127.0.0.1', 200),
(382, 'dde8hqdifkva3ie8r5cg2rj7dm', 79, 'admin_get_users', '2022-01-11 08:01:56', '127.0.0.1', 200),
(383, 'dde8hqdifkva3ie8r5cg2rj7dm', 79, 'admin_get_users', '2022-01-11 08:02:28', '127.0.0.1', 200),
(384, 'dde8hqdifkva3ie8r5cg2rj7dm', 79, 'admin_get_users', '2022-01-11 08:06:35', '127.0.0.1', 200),
(385, 'dde8hqdifkva3ie8r5cg2rj7dm', 79, 'login_check', '2022-01-11 08:06:35', '127.0.0.1', 401),
(386, 'dde8hqdifkva3ie8r5cg2rj7dm', 79, 'login_check', '2022-01-11 08:14:59', '127.0.0.1', 401),
(387, 'dde8hqdifkva3ie8r5cg2rj7dm', 79, 'Invalid', '2022-01-11 08:15:24', '127.0.0.1', 400),
(388, 'dde8hqdifkva3ie8r5cg2rj7dm', 79, 'login', '2022-01-11 08:16:09', '127.0.0.1', 400),
(389, 'dde8hqdifkva3ie8r5cg2rj7dm', 79, 'login', '2022-01-11 08:16:22', '127.0.0.1', 400),
(390, 'dde8hqdifkva3ie8r5cg2rj7dm', 75, 'login', '2022-01-11 08:16:27', '127.0.0.1', 200),
(391, 'dde8hqdifkva3ie8r5cg2rj7dm', 75, 'login_check', '2022-01-11 08:21:59', '127.0.0.1', 200),
(392, 'dde8hqdifkva3ie8r5cg2rj7dm', 75, 'admin_get_users', '2022-01-11 08:21:59', '127.0.0.1', 200),
(393, 'dde8hqdifkva3ie8r5cg2rj7dm', 75, 'login_check', '2022-01-11 08:22:12', '127.0.0.1', 200),
(394, 'dde8hqdifkva3ie8r5cg2rj7dm', 75, 'admin_get_users', '2022-01-11 08:22:12', '127.0.0.1', 200),
(395, 'dde8hqdifkva3ie8r5cg2rj7dm', 75, 'login_check', '2022-01-11 08:31:39', '127.0.0.1', 200),
(396, 'dde8hqdifkva3ie8r5cg2rj7dm', 75, 'admin_get_users', '2022-01-11 08:31:39', '127.0.0.1', 200),
(397, 'dde8hqdifkva3ie8r5cg2rj7dm', 75, 'login_check', '2022-01-11 08:31:41', '127.0.0.1', 200),
(398, 'dde8hqdifkva3ie8r5cg2rj7dm', 75, 'admin_get_users', '2022-01-11 08:31:41', '127.0.0.1', 200),
(399, 'dde8hqdifkva3ie8r5cg2rj7dm', 80, 'logout', '2022-01-11 08:31:45', '127.0.0.1', 200),
(400, 'dde8hqdifkva3ie8r5cg2rj7dm', 80, 'login_check', '2022-01-11 08:31:45', '127.0.0.1', 401),
(401, 'dde8hqdifkva3ie8r5cg2rj7dm', 75, 'login', '2022-01-11 08:31:59', '127.0.0.1', 200),
(402, 'dde8hqdifkva3ie8r5cg2rj7dm', 75, 'login_check', '2022-01-11 08:31:59', '127.0.0.1', 200),
(403, 'dde8hqdifkva3ie8r5cg2rj7dm', 75, 'admin_get_users', '2022-01-11 08:31:59', '127.0.0.1', 200),
(404, 'dde8hqdifkva3ie8r5cg2rj7dm', 75, 'login_check', '2022-01-11 08:32:32', '127.0.0.1', 200),
(405, 'dde8hqdifkva3ie8r5cg2rj7dm', 75, 'admin_get_users', '2022-01-11 08:32:32', '127.0.0.1', 200),
(406, 'dde8hqdifkva3ie8r5cg2rj7dm', 81, 'logout', '2022-01-11 08:32:35', '127.0.0.1', 200),
(407, 'dde8hqdifkva3ie8r5cg2rj7dm', 81, 'login_check', '2022-01-11 08:32:35', '127.0.0.1', 401),
(408, 'dde8hqdifkva3ie8r5cg2rj7dm', 75, 'login', '2022-01-11 08:32:42', '127.0.0.1', 200),
(409, 'dde8hqdifkva3ie8r5cg2rj7dm', 75, 'login_check', '2022-01-11 08:32:42', '127.0.0.1', 200),
(410, 'dde8hqdifkva3ie8r5cg2rj7dm', 75, 'admin_get_users', '2022-01-11 08:32:42', '127.0.0.1', 200),
(411, 'dde8hqdifkva3ie8r5cg2rj7dm', 75, 'login_check', '2022-01-11 08:33:33', '127.0.0.1', 200),
(412, 'dde8hqdifkva3ie8r5cg2rj7dm', 75, 'admin_get_users', '2022-01-11 08:33:33', '127.0.0.1', 200),
(413, 'dde8hqdifkva3ie8r5cg2rj7dm', 82, 'logout', '2022-01-11 08:34:55', '127.0.0.1', 200),
(414, 'dde8hqdifkva3ie8r5cg2rj7dm', 82, 'login_check', '2022-01-11 08:34:55', '127.0.0.1', 401),
(415, 'dde8hqdifkva3ie8r5cg2rj7dm', 83, 'logout', '2022-01-11 08:34:59', '127.0.0.1', 200),
(416, 'dde8hqdifkva3ie8r5cg2rj7dm', 83, 'login_check', '2022-01-11 08:34:59', '127.0.0.1', 401),
(417, 'dde8hqdifkva3ie8r5cg2rj7dm', 84, 'logout', '2022-01-11 08:35:00', '127.0.0.1', 200),
(418, 'dde8hqdifkva3ie8r5cg2rj7dm', 84, 'login_check', '2022-01-11 08:35:00', '127.0.0.1', 401),
(419, 'dde8hqdifkva3ie8r5cg2rj7dm', 85, 'logout', '2022-01-11 08:35:01', '127.0.0.1', 200),
(420, 'dde8hqdifkva3ie8r5cg2rj7dm', 85, 'login_check', '2022-01-11 08:35:01', '127.0.0.1', 401),
(421, 'dde8hqdifkva3ie8r5cg2rj7dm', 86, 'logout', '2022-01-11 08:35:01', '127.0.0.1', 200),
(422, 'dde8hqdifkva3ie8r5cg2rj7dm', 86, 'login_check', '2022-01-11 08:35:01', '127.0.0.1', 401),
(423, 'dde8hqdifkva3ie8r5cg2rj7dm', 87, 'logout', '2022-01-11 08:35:01', '127.0.0.1', 200),
(424, 'dde8hqdifkva3ie8r5cg2rj7dm', 87, 'login_check', '2022-01-11 08:35:01', '127.0.0.1', 401),
(425, 'dde8hqdifkva3ie8r5cg2rj7dm', 88, 'logout', '2022-01-11 08:35:01', '127.0.0.1', 200),
(426, 'dde8hqdifkva3ie8r5cg2rj7dm', 88, 'login_check', '2022-01-11 08:35:01', '127.0.0.1', 401),
(427, 'dde8hqdifkva3ie8r5cg2rj7dm', 89, 'logout', '2022-01-11 08:35:01', '127.0.0.1', 200),
(428, 'dde8hqdifkva3ie8r5cg2rj7dm', 89, 'login_check', '2022-01-11 08:35:01', '127.0.0.1', 401),
(429, 'dde8hqdifkva3ie8r5cg2rj7dm', 90, 'logout', '2022-01-11 08:35:01', '127.0.0.1', 200),
(430, 'dde8hqdifkva3ie8r5cg2rj7dm', 90, 'login_check', '2022-01-11 08:35:01', '127.0.0.1', 401),
(431, 'dde8hqdifkva3ie8r5cg2rj7dm', 91, 'logout', '2022-01-11 08:35:02', '127.0.0.1', 200),
(432, 'dde8hqdifkva3ie8r5cg2rj7dm', 91, 'login_check', '2022-01-11 08:35:02', '127.0.0.1', 401),
(433, 'dde8hqdifkva3ie8r5cg2rj7dm', 91, 'login', '2022-01-11 08:35:26', '127.0.0.1', 400),
(434, 'dde8hqdifkva3ie8r5cg2rj7dm', 92, 'logout', '2022-01-11 08:35:28', '127.0.0.1', 200),
(435, 'dde8hqdifkva3ie8r5cg2rj7dm', 92, 'login_check', '2022-01-11 08:35:28', '127.0.0.1', 401),
(436, 'dde8hqdifkva3ie8r5cg2rj7dm', 92, 'login', '2022-01-11 08:35:32', '127.0.0.1', 400),
(437, 'dde8hqdifkva3ie8r5cg2rj7dm', 92, 'login_check', '2022-01-11 08:36:13', '127.0.0.1', 401),
(438, 'dde8hqdifkva3ie8r5cg2rj7dm', 92, 'login', '2022-01-11 08:37:21', '127.0.0.1', 400),
(439, 'dde8hqdifkva3ie8r5cg2rj7dm', 92, 'login', '2022-01-11 08:37:43', '127.0.0.1', 400),
(440, 'dde8hqdifkva3ie8r5cg2rj7dm', 75, 'login', '2022-01-11 08:39:09', '127.0.0.1', 200),
(441, 'dde8hqdifkva3ie8r5cg2rj7dm', 75, 'login_check', '2022-01-11 08:39:09', '127.0.0.1', 200),
(442, 'dde8hqdifkva3ie8r5cg2rj7dm', 75, 'admin_get_users', '2022-01-11 08:39:09', '127.0.0.1', 200),
(443, 'dde8hqdifkva3ie8r5cg2rj7dm', 75, 'admin_get_users', '2022-01-11 08:40:13', '127.0.0.1', 200),
(444, 'dde8hqdifkva3ie8r5cg2rj7dm', 75, 'admin_get_users', '2022-01-11 08:40:39', '127.0.0.1', 200),
(445, 'dde8hqdifkva3ie8r5cg2rj7dm', 75, 'admin_get_users', '2022-01-11 08:41:05', '127.0.0.1', 200),
(446, 'dde8hqdifkva3ie8r5cg2rj7dm', 75, 'login_check', '2022-01-11 08:41:07', '127.0.0.1', 200),
(447, 'dde8hqdifkva3ie8r5cg2rj7dm', 75, 'admin_get_users', '2022-01-11 08:41:07', '127.0.0.1', 200),
(448, 'dde8hqdifkva3ie8r5cg2rj7dm', 75, 'admin_get_users', '2022-01-11 08:41:14', '127.0.0.1', 200),
(449, 'dde8hqdifkva3ie8r5cg2rj7dm', 75, 'admin_get_users', '2022-01-11 08:42:10', '127.0.0.1', 200),
(450, 'dde8hqdifkva3ie8r5cg2rj7dm', 75, 'login_check', '2022-01-11 08:43:14', '127.0.0.1', 200),
(451, 'dde8hqdifkva3ie8r5cg2rj7dm', 75, 'admin_get_users', '2022-01-11 08:43:14', '127.0.0.1', 200),
(452, 'dde8hqdifkva3ie8r5cg2rj7dm', 75, 'login_check', '2022-01-11 08:44:49', '127.0.0.1', 200),
(453, 'dde8hqdifkva3ie8r5cg2rj7dm', 75, 'admin_get_users', '2022-01-11 08:44:49', '127.0.0.1', 200),
(454, 'dde8hqdifkva3ie8r5cg2rj7dm', 75, 'login_check', '2022-01-11 08:44:52', '127.0.0.1', 200),
(455, 'dde8hqdifkva3ie8r5cg2rj7dm', 75, 'admin_get_users', '2022-01-11 08:44:52', '127.0.0.1', 200),
(456, 'dde8hqdifkva3ie8r5cg2rj7dm', 75, 'admin_get_users', '2022-01-11 08:45:01', '127.0.0.1', 200),
(457, 'dde8hqdifkva3ie8r5cg2rj7dm', 75, 'admin_get_users', '2022-01-11 08:45:03', '127.0.0.1', 200),
(458, 'dde8hqdifkva3ie8r5cg2rj7dm', 75, 'admin_get_users', '2022-01-11 08:45:05', '127.0.0.1', 200),
(459, 'dde8hqdifkva3ie8r5cg2rj7dm', 75, 'admin_get_users', '2022-01-11 08:45:14', '127.0.0.1', 200),
(460, 'dde8hqdifkva3ie8r5cg2rj7dm', 75, 'admin_create_user', '2022-01-11 08:45:54', '127.0.0.1', 200),
(461, 'dde8hqdifkva3ie8r5cg2rj7dm', 75, 'admin_get_users', '2022-01-11 08:45:54', '127.0.0.1', 200),
(462, 'dde8hqdifkva3ie8r5cg2rj7dm', 75, 'login_check', '2022-01-11 08:46:45', '127.0.0.1', 200),
(463, 'dde8hqdifkva3ie8r5cg2rj7dm', 75, 'admin_get_users', '2022-01-11 08:46:45', '127.0.0.1', 200),
(464, 'dde8hqdifkva3ie8r5cg2rj7dm', 94, 'logout', '2022-01-11 08:47:52', '127.0.0.1', 200),
(465, 'dde8hqdifkva3ie8r5cg2rj7dm', 94, 'login_check', '2022-01-11 08:47:52', '127.0.0.1', 401),
(466, 'dde8hqdifkva3ie8r5cg2rj7dm', 75, 'admin_login', '2022-01-11 11:36:01', '127.0.0.1', 200),
(467, 'dde8hqdifkva3ie8r5cg2rj7dm', 75, 'login_check', '2022-01-11 11:36:01', '127.0.0.1', 200),
(468, 'dde8hqdifkva3ie8r5cg2rj7dm', 75, 'admin_login_check', '2022-01-11 11:38:26', '127.0.0.1', 200),
(469, 'dde8hqdifkva3ie8r5cg2rj7dm', 75, 'admin_get_users', '2022-01-11 11:38:26', '127.0.0.1', 200),
(470, 'dde8hqdifkva3ie8r5cg2rj7dm', 95, 'logout', '2022-01-11 11:39:54', '127.0.0.1', 200),
(471, 'dde8hqdifkva3ie8r5cg2rj7dm', 95, 'admin_login_check', '2022-01-11 11:39:54', '127.0.0.1', 401),
(472, 'dde8hqdifkva3ie8r5cg2rj7dm', 95, 'admin_login_check', '2022-01-11 11:56:34', '127.0.0.1', 401),
(473, 'dde8hqdifkva3ie8r5cg2rj7dm', 75, 'admin_login', '2022-01-11 11:56:49', '127.0.0.1', 200),
(474, 'dde8hqdifkva3ie8r5cg2rj7dm', 75, 'admin_login_check', '2022-01-11 11:56:49', '127.0.0.1', 200),
(475, 'dde8hqdifkva3ie8r5cg2rj7dm', 75, 'admin_get_users', '2022-01-11 11:56:49', '127.0.0.1', 200),
(476, 'dde8hqdifkva3ie8r5cg2rj7dm', 96, 'logout', '2022-01-11 11:57:26', '127.0.0.1', 200),
(477, 'dde8hqdifkva3ie8r5cg2rj7dm', 96, 'admin_login_check', '2022-01-11 11:57:26', '127.0.0.1', 401),
(478, 'dde8hqdifkva3ie8r5cg2rj7dm', 97, 'logout', '2022-01-11 12:38:39', '127.0.0.1', 200),
(479, 'dde8hqdifkva3ie8r5cg2rj7dm', 97, 'admin_login_check', '2022-01-11 12:38:39', '127.0.0.1', 401),
(480, 'dde8hqdifkva3ie8r5cg2rj7dm', 98, 'logout', '2022-01-11 12:38:43', '127.0.0.1', 200),
(481, 'dde8hqdifkva3ie8r5cg2rj7dm', 98, 'admin_login_check', '2022-01-11 12:38:43', '127.0.0.1', 401),
(482, 'dde8hqdifkva3ie8r5cg2rj7dm', 99, 'logout', '2022-01-11 12:38:44', '127.0.0.1', 200),
(483, 'dde8hqdifkva3ie8r5cg2rj7dm', 99, 'admin_login_check', '2022-01-11 12:38:44', '127.0.0.1', 401),
(484, 'rok1vqs83cjs58u7agclki7djh', 100, 'login_check', '2022-01-11 23:45:36', '127.0.0.1', 401),
(485, 'rok1vqs83cjs58u7agclki7djh', 100, 'login', '2022-01-11 23:46:42', '127.0.0.1', 400),
(486, 'rok1vqs83cjs58u7agclki7djh', 100, 'login', '2022-01-11 23:49:47', '127.0.0.1', 400),
(487, 'rok1vqs83cjs58u7agclki7djh', 76, 'login', '2022-01-11 23:50:06', '127.0.0.1', 200),
(488, 'rok1vqs83cjs58u7agclki7djh', 76, 'No action set', '2022-01-11 23:52:41', '127.0.0.1', 400),
(489, 'rok1vqs83cjs58u7agclki7djh', 76, 'No action set', '2022-01-11 23:53:38', '127.0.0.1', 400),
(490, 'rok1vqs83cjs58u7agclki7djh', 76, 'No action set', '2022-01-11 23:54:42', '127.0.0.1', 400),
(491, 'rok1vqs83cjs58u7agclki7djh', 76, 'No action set', '2022-01-11 23:54:43', '127.0.0.1', 400),
(492, 'rok1vqs83cjs58u7agclki7djh', 76, 'No action set', '2022-01-11 23:54:43', '127.0.0.1', 400),
(493, 'rok1vqs83cjs58u7agclki7djh', 76, 'No action set', '2022-01-11 23:54:43', '127.0.0.1', 400),
(494, 'rok1vqs83cjs58u7agclki7djh', 76, 'No action set', '2022-01-11 23:54:44', '127.0.0.1', 400),
(495, 'rok1vqs83cjs58u7agclki7djh', 76, 'No action set', '2022-01-11 23:54:44', '127.0.0.1', 400),
(496, 'rok1vqs83cjs58u7agclki7djh', 76, 'No action set', '2022-01-11 23:54:44', '127.0.0.1', 400),
(497, 'rok1vqs83cjs58u7agclki7djh', 76, 'No action set', '2022-01-11 23:54:44', '127.0.0.1', 400),
(498, 'rok1vqs83cjs58u7agclki7djh', 76, 'No action set', '2022-01-11 23:54:44', '127.0.0.1', 400),
(499, 'rok1vqs83cjs58u7agclki7djh', 76, 'No action set', '2022-01-11 23:54:45', '127.0.0.1', 400),
(500, 'rok1vqs83cjs58u7agclki7djh', 76, 'No action set', '2022-01-11 23:54:45', '127.0.0.1', 400),
(501, 'rok1vqs83cjs58u7agclki7djh', 76, 'No action set', '2022-01-11 23:57:58', '127.0.0.1', 400),
(502, 'rok1vqs83cjs58u7agclki7djh', 76, 'No action set', '2022-01-11 23:59:12', '127.0.0.1', 400),
(503, 'rok1vqs83cjs58u7agclki7djh', 76, 'No action set', '2022-01-11 23:59:13', '127.0.0.1', 400),
(504, 'rok1vqs83cjs58u7agclki7djh', 76, 'No action set', '2022-01-11 23:59:14', '127.0.0.1', 400),
(505, 'rok1vqs83cjs58u7agclki7djh', 76, 'No action set', '2022-01-11 23:59:14', '127.0.0.1', 400),
(506, 'rok1vqs83cjs58u7agclki7djh', 76, 'No action set', '2022-01-11 23:59:14', '127.0.0.1', 400),
(507, 'rok1vqs83cjs58u7agclki7djh', 76, 'No action set', '2022-01-11 23:59:14', '127.0.0.1', 400),
(508, 'rok1vqs83cjs58u7agclki7djh', 76, 'No action set', '2022-01-11 23:59:14', '127.0.0.1', 400),
(509, 'rok1vqs83cjs58u7agclki7djh', 76, 'No action set', '2022-01-11 23:59:15', '127.0.0.1', 400),
(510, 'rok1vqs83cjs58u7agclki7djh', 76, 'No action set', '2022-01-11 23:59:15', '127.0.0.1', 400),
(511, 'rok1vqs83cjs58u7agclki7djh', 76, 'No action set', '2022-01-11 23:59:15', '127.0.0.1', 400),
(512, 'rok1vqs83cjs58u7agclki7djh', 76, 'No action set', '2022-01-11 23:59:15', '127.0.0.1', 400),
(513, 'rok1vqs83cjs58u7agclki7djh', 76, 'No action set', '2022-01-11 23:59:15', '127.0.0.1', 400),
(514, 'rok1vqs83cjs58u7agclki7djh', 76, 'No action set', '2022-01-11 23:59:15', '127.0.0.1', 400),
(515, 'rok1vqs83cjs58u7agclki7djh', 76, 'No action set', '2022-01-11 23:59:15', '127.0.0.1', 400),
(516, 'rok1vqs83cjs58u7agclki7djh', 76, 'No action set', '2022-01-11 23:59:15', '127.0.0.1', 400),
(517, 'rok1vqs83cjs58u7agclki7djh', 76, 'No action set', '2022-01-11 23:59:15', '127.0.0.1', 400),
(518, 'rok1vqs83cjs58u7agclki7djh', 76, 'No action set', '2022-01-11 23:59:16', '127.0.0.1', 400),
(519, 'rok1vqs83cjs58u7agclki7djh', 76, 'No action set', '2022-01-11 23:59:16', '127.0.0.1', 400),
(520, 'rok1vqs83cjs58u7agclki7djh', 76, 'login', '2022-01-12 00:05:36', '127.0.0.1', 200),
(521, 'rok1vqs83cjs58u7agclki7djh', 76, 'login', '2022-01-12 00:05:37', '127.0.0.1', 200),
(522, 'rok1vqs83cjs58u7agclki7djh', 76, 'login', '2022-01-12 00:05:38', '127.0.0.1', 200),
(523, 'rok1vqs83cjs58u7agclki7djh', 76, 'login', '2022-01-12 00:05:39', '127.0.0.1', 200),
(524, 'dde8hqdifkva3ie8r5cg2rj7dm', 99, 'admin_login_check', '2022-01-12 00:07:54', '127.0.0.1', 401),
(525, 'dde8hqdifkva3ie8r5cg2rj7dm', 99, 'admin_login_check', '2022-01-12 00:08:02', '127.0.0.1', 401),
(526, 'rok1vqs83cjs58u7agclki7djh', 76, 'login', '2022-01-12 00:08:59', '127.0.0.1', 200),
(527, 'rok1vqs83cjs58u7agclki7djh', 76, 'login', '2022-01-12 00:09:10', '127.0.0.1', 200);
INSERT INTO `logs` (`id`, `sessionID`, `userID`, `action`, `timestamp`, `ip`, `responseCode`) VALUES
(528, 'rok1vqs83cjs58u7agclki7djh', 76, 'login', '2022-01-12 00:09:10', '127.0.0.1', 200),
(529, 'rok1vqs83cjs58u7agclki7djh', 76, 'login', '2022-01-12 00:09:11', '127.0.0.1', 200),
(530, 'rok1vqs83cjs58u7agclki7djh', 76, 'login', '2022-01-12 00:09:12', '127.0.0.1', 200),
(531, 'rok1vqs83cjs58u7agclki7djh', 76, 'login', '2022-01-12 00:09:16', '127.0.0.1', 200),
(532, 'rok1vqs83cjs58u7agclki7djh', 76, 'login', '2022-01-12 00:09:20', '127.0.0.1', 400),
(533, 'rok1vqs83cjs58u7agclki7djh', 76, 'login', '2022-01-12 00:15:09', '127.0.0.1', 400),
(534, 'rok1vqs83cjs58u7agclki7djh', 76, 'login', '2022-01-12 00:42:30', '127.0.0.1', 400),
(535, 'rok1vqs83cjs58u7agclki7djh', 76, 'Invalid', '2022-01-12 00:43:55', '127.0.0.1', 400),
(536, 'rok1vqs83cjs58u7agclki7djh', 76, 'Invalid', '2022-01-12 00:43:58', '127.0.0.1', 400),
(537, 'rok1vqs83cjs58u7agclki7djh', 76, 'login', '2022-01-12 00:44:28', '127.0.0.1', 400),
(538, 'rok1vqs83cjs58u7agclki7djh', 76, 'login', '2022-01-12 00:44:42', '127.0.0.1', 400),
(539, 'rok1vqs83cjs58u7agclki7djh', 76, 'login', '2022-01-12 01:22:51', '127.0.0.1', 200),
(540, 'rok1vqs83cjs58u7agclki7djh', 76, 'login_check', '2022-01-12 01:23:45', '127.0.0.1', 200),
(541, 'rok1vqs83cjs58u7agclki7djh', 76, 'login_check', '2022-01-12 01:24:00', '127.0.0.1', 200),
(542, 'rok1vqs83cjs58u7agclki7djh', 101, 'logout', '2022-01-12 01:24:37', '127.0.0.1', 200),
(543, 'rok1vqs83cjs58u7agclki7djh', 102, 'logout', '2022-01-12 01:24:39', '127.0.0.1', 200),
(544, 'rok1vqs83cjs58u7agclki7djh', 103, 'logout', '2022-01-12 01:24:40', '127.0.0.1', 200),
(545, 'rok1vqs83cjs58u7agclki7djh', 103, 'username_exists', '2022-01-12 01:47:13', '127.0.0.1', 400),
(546, 'rok1vqs83cjs58u7agclki7djh', 103, 'username_exists', '2022-01-12 01:47:21', '127.0.0.1', 400),
(547, 'rok1vqs83cjs58u7agclki7djh', 103, 'username_exists', '2022-01-12 01:49:06', '127.0.0.1', 200),
(548, 'rok1vqs83cjs58u7agclki7djh', 103, 'username_exists', '2022-01-12 01:49:47', '127.0.0.1', 404),
(549, 'rok1vqs83cjs58u7agclki7djh', 103, 'get_user_details', '2022-01-12 01:50:41', '127.0.0.1', 200),
(550, 'rok1vqs83cjs58u7agclki7djh', 103, 'register', '2022-01-12 01:52:11', '127.0.0.1', 400),
(551, 'rok1vqs83cjs58u7agclki7djh', 103, 'register', '2022-01-12 01:52:57', '127.0.0.1', 403),
(552, 'rok1vqs83cjs58u7agclki7djh', 103, 'No action set', '2022-01-12 02:17:08', '127.0.0.1', 400),
(553, 'rok1vqs83cjs58u7agclki7djh', 103, 'No action set', '2022-01-12 02:17:20', '127.0.0.1', 400),
(554, 'rok1vqs83cjs58u7agclki7djh', 103, 'update_username', '2022-01-12 02:32:28', '127.0.0.1', 400),
(555, 'rok1vqs83cjs58u7agclki7djh', 103, 'register', '2022-01-12 02:32:53', '127.0.0.1', 200),
(556, 'rok1vqs83cjs58u7agclki7djh', 103, 'update_username', '2022-01-12 02:33:03', '127.0.0.1', 200),
(557, '8e9g6vhjl86n40laka41601gus', NULL, 'No action set', '2022-01-12 02:52:01', '127.0.0.1', 400),
(558, 'fhjn1vof2ves46t66p9hc8s8lu', NULL, 'No action set', '2022-01-12 02:56:45', '127.0.0.1', 400),
(559, 'uphik9pk43bd8s7dniai3i6jg9', NULL, 'No action set', '2022-01-12 02:57:21', '127.0.0.1', 400),
(560, '74ghtsdqma46ijr38moc9h39tf', NULL, 'No action set', '2022-01-12 03:02:57', '127.0.0.1', 400),
(561, 'q6etp6eq6g5io52cn4rqa2d4ej', NULL, 'No action set', '2022-01-12 03:05:20', '127.0.0.1', 400),
(562, '5j8e88ch1h65vkgtire79992dl', NULL, 'No action set', '2022-01-12 03:05:49', '127.0.0.1', 400),
(563, 'dde8hqdifkva3ie8r5cg2rj7dm', 99, 'login_check', '2022-01-12 03:06:30', '127.0.0.1', 401),
(564, 'dde8hqdifkva3ie8r5cg2rj7dm', 99, 'login_check', '2022-01-12 03:06:48', '127.0.0.1', 401),
(565, '6p4og41u57lga8lc23t9lpf5pp', NULL, 'No action set', '2022-01-12 03:07:33', '127.0.0.1', 400),
(566, 'rok1vqs83cjs58u7agclki7djh', 103, 'No action set', '2022-01-12 03:16:11', '127.0.0.1', 400),
(567, 'rok1vqs83cjs58u7agclki7djh', 103, 'No action set', '2022-01-12 03:21:32', '127.0.0.1', 400),
(568, 'rok1vqs83cjs58u7agclki7djh', 103, 'No action set', '2022-01-12 03:22:57', '127.0.0.1', 400),
(569, 'rok1vqs83cjs58u7agclki7djh', 103, 'No action set', '2022-01-12 03:23:07', '127.0.0.1', 400),
(570, 'rok1vqs83cjs58u7agclki7djh', 103, 'No action set', '2022-01-12 03:23:34', '127.0.0.1', 400),
(571, 'rok1vqs83cjs58u7agclki7djh', 103, 'No action set', '2022-01-12 03:25:06', '127.0.0.1', 400),
(572, 'rok1vqs83cjs58u7agclki7djh', 103, 'No action set', '2022-01-12 03:25:20', '127.0.0.1', 400),
(573, 'rok1vqs83cjs58u7agclki7djh', 103, 'No action set', '2022-01-12 03:27:15', '127.0.0.1', 400),
(574, 'rok1vqs83cjs58u7agclki7djh', 103, 'Invalid', '2022-01-12 03:27:17', '127.0.0.1', 400),
(575, 'rok1vqs83cjs58u7agclki7djh', 103, 'No action set', '2022-01-12 03:28:01', '127.0.0.1', 400),
(576, 'rok1vqs83cjs58u7agclki7djh', 103, 'Invalid', '2022-01-12 03:28:02', '127.0.0.1', 400),
(577, 'rok1vqs83cjs58u7agclki7djh', 103, 'login_check', '2022-01-12 03:28:18', '127.0.0.1', 200),
(578, 'rok1vqs83cjs58u7agclki7djh', 103, 'No action set', '2022-01-12 03:29:08', '127.0.0.1', 400),
(579, 'rok1vqs83cjs58u7agclki7djh', 103, 'Invalid', '2022-01-12 03:29:09', '127.0.0.1', 400),
(580, 'rok1vqs83cjs58u7agclki7djh', 103, 'login_check', '2022-01-12 03:29:11', '127.0.0.1', 200),
(581, 'rok1vqs83cjs58u7agclki7djh', 103, 'get_user_details', '2022-01-12 03:29:19', '127.0.0.1', 200),
(582, 'rok1vqs83cjs58u7agclki7djh', 103, 'login', '2022-01-12 03:29:22', '127.0.0.1', 400),
(583, 'rok1vqs83cjs58u7agclki7djh', 103, 'No action set', '2022-01-12 03:32:08', '127.0.0.1', 400),
(584, 'rok1vqs83cjs58u7agclki7djh', 103, 'Invalid', '2022-01-12 03:32:09', '127.0.0.1', 400),
(585, 'rok1vqs83cjs58u7agclki7djh', 103, 'login_check', '2022-01-12 03:32:10', '127.0.0.1', 200),
(586, 'rok1vqs83cjs58u7agclki7djh', 103, 'get_user_details', '2022-01-12 03:32:14', '127.0.0.1', 200),
(587, 'rok1vqs83cjs58u7agclki7djh', 103, 'login', '2022-01-12 03:32:22', '127.0.0.1', 400),
(588, 'rok1vqs83cjs58u7agclki7djh', 103, 'No action set', '2022-01-12 03:32:53', '127.0.0.1', 400),
(589, 'rok1vqs83cjs58u7agclki7djh', 103, 'Invalid', '2022-01-12 03:32:53', '127.0.0.1', 400),
(590, 'rok1vqs83cjs58u7agclki7djh', 103, 'login_check', '2022-01-12 03:32:54', '127.0.0.1', 200),
(591, 'rok1vqs83cjs58u7agclki7djh', 103, 'get_user_details', '2022-01-12 03:32:54', '127.0.0.1', 200),
(592, 'rok1vqs83cjs58u7agclki7djh', 103, 'login', '2022-01-12 03:32:58', '127.0.0.1', 400),
(593, 'rok1vqs83cjs58u7agclki7djh', 103, 'No action set', '2022-01-12 03:33:19', '127.0.0.1', 400),
(594, 'rok1vqs83cjs58u7agclki7djh', 103, 'Invalid', '2022-01-12 03:33:20', '127.0.0.1', 400),
(595, 'rok1vqs83cjs58u7agclki7djh', 103, 'login_check', '2022-01-12 03:33:20', '127.0.0.1', 200),
(596, 'rok1vqs83cjs58u7agclki7djh', 103, 'get_user_details', '2022-01-12 03:33:21', '127.0.0.1', 200),
(597, 'rok1vqs83cjs58u7agclki7djh', 103, 'login', '2022-01-12 03:33:23', '127.0.0.1', 400),
(598, 'rok1vqs83cjs58u7agclki7djh', 103, 'No action set', '2022-01-12 03:35:52', '127.0.0.1', 400),
(599, 'rok1vqs83cjs58u7agclki7djh', 103, 'Invalid', '2022-01-12 03:35:52', '127.0.0.1', 400),
(600, 'rok1vqs83cjs58u7agclki7djh', 103, 'login_check', '2022-01-12 03:35:53', '127.0.0.1', 200),
(601, 'rok1vqs83cjs58u7agclki7djh', 103, 'get_user_details', '2022-01-12 03:35:53', '127.0.0.1', 200),
(602, 'rok1vqs83cjs58u7agclki7djh', 103, 'login', '2022-01-12 03:35:54', '127.0.0.1', 400),
(603, 'rok1vqs83cjs58u7agclki7djh', 103, 'No action set', '2022-01-12 03:36:50', '127.0.0.1', 400),
(604, 'rok1vqs83cjs58u7agclki7djh', 103, 'Invalid', '2022-01-12 03:36:51', '127.0.0.1', 400),
(605, 'rok1vqs83cjs58u7agclki7djh', 103, 'login_check', '2022-01-12 03:36:51', '127.0.0.1', 200),
(606, 'rok1vqs83cjs58u7agclki7djh', 103, 'get_user_details', '2022-01-12 03:36:51', '127.0.0.1', 200),
(607, 'rok1vqs83cjs58u7agclki7djh', 103, 'login', '2022-01-12 03:36:51', '127.0.0.1', 400),
(608, 'rok1vqs83cjs58u7agclki7djh', 103, 'No action set', '2022-01-12 03:43:56', '127.0.0.1', 400),
(609, 'rok1vqs83cjs58u7agclki7djh', 103, 'Invalid', '2022-01-12 03:43:58', '127.0.0.1', 400),
(610, 'rok1vqs83cjs58u7agclki7djh', 103, 'login_check', '2022-01-12 03:44:00', '127.0.0.1', 200),
(611, 'rok1vqs83cjs58u7agclki7djh', 103, 'No action set', '2022-01-12 03:45:38', '127.0.0.1', 400),
(612, 'rok1vqs83cjs58u7agclki7djh', 103, 'Invalid', '2022-01-12 03:45:46', '127.0.0.1', 400),
(613, 'rok1vqs83cjs58u7agclki7djh', 103, 'No action set', '2022-01-12 03:47:39', '127.0.0.1', 400),
(614, 'rok1vqs83cjs58u7agclki7djh', 103, 'No action set', '2022-01-12 03:48:13', '127.0.0.1', 400),
(615, 'rok1vqs83cjs58u7agclki7djh', 103, 'Invalid', '2022-01-12 03:48:17', '127.0.0.1', 400),
(616, 'rok1vqs83cjs58u7agclki7djh', 103, 'login_check', '2022-01-12 03:48:19', '127.0.0.1', 200),
(617, 'rok1vqs83cjs58u7agclki7djh', 103, 'get_user_details', '2022-01-12 03:48:27', '127.0.0.1', 200),
(618, 'rok1vqs83cjs58u7agclki7djh', 103, 'login', '2022-01-12 03:48:31', '127.0.0.1', 400),
(619, 'rok1vqs83cjs58u7agclki7djh', 103, 'login', '2022-01-12 03:48:33', '127.0.0.1', 400),
(620, 'rok1vqs83cjs58u7agclki7djh', 103, 'No action set', '2022-01-12 03:49:14', '127.0.0.1', 400),
(621, 'rok1vqs83cjs58u7agclki7djh', 103, 'Invalid', '2022-01-12 03:49:19', '127.0.0.1', 400),
(622, 'rok1vqs83cjs58u7agclki7djh', 103, 'login_check', '2022-01-12 03:49:22', '127.0.0.1', 200),
(623, 'rok1vqs83cjs58u7agclki7djh', 103, 'get_user_details', '2022-01-12 03:49:27', '127.0.0.1', 200),
(624, 'rok1vqs83cjs58u7agclki7djh', 103, 'login', '2022-01-12 03:49:30', '127.0.0.1', 400),
(625, 'rok1vqs83cjs58u7agclki7djh', 103, 'No action set', '2022-01-12 03:50:38', '127.0.0.1', 400),
(626, 'rok1vqs83cjs58u7agclki7djh', 103, 'Invalid', '2022-01-12 03:50:45', '127.0.0.1', 400),
(627, 'rok1vqs83cjs58u7agclki7djh', 103, 'login_check', '2022-01-12 03:50:47', '127.0.0.1', 200),
(628, 'rok1vqs83cjs58u7agclki7djh', 103, 'get_user_details', '2022-01-12 03:50:51', '127.0.0.1', 200),
(629, 'rok1vqs83cjs58u7agclki7djh', 103, 'login', '2022-01-12 03:50:56', '127.0.0.1', 400),
(630, 'rok1vqs83cjs58u7agclki7djh', 103, 'No action set', '2022-01-12 03:51:33', '127.0.0.1', 400),
(631, 'rok1vqs83cjs58u7agclki7djh', 103, 'Invalid', '2022-01-12 03:51:33', '127.0.0.1', 400),
(632, 'rok1vqs83cjs58u7agclki7djh', 103, 'login_check', '2022-01-12 03:51:34', '127.0.0.1', 200),
(633, 'rok1vqs83cjs58u7agclki7djh', 103, 'get_user_details', '2022-01-12 03:51:34', '127.0.0.1', 200),
(634, 'rok1vqs83cjs58u7agclki7djh', 103, 'login', '2022-01-12 03:51:35', '127.0.0.1', 400),
(635, 'rok1vqs83cjs58u7agclki7djh', 103, 'login', '2022-01-12 03:51:50', '127.0.0.1', 400),
(636, 'rok1vqs83cjs58u7agclki7djh', 103, 'No action set', '2022-01-12 03:52:19', '127.0.0.1', 400),
(637, 'rok1vqs83cjs58u7agclki7djh', 103, 'Invalid', '2022-01-12 03:52:20', '127.0.0.1', 400),
(638, 'rok1vqs83cjs58u7agclki7djh', 103, 'login_check', '2022-01-12 03:52:21', '127.0.0.1', 200),
(639, 'rok1vqs83cjs58u7agclki7djh', 103, 'get_user_details', '2022-01-12 03:52:22', '127.0.0.1', 200),
(640, 'rok1vqs83cjs58u7agclki7djh', 103, 'login', '2022-01-12 03:52:25', '127.0.0.1', 400),
(641, 'rok1vqs83cjs58u7agclki7djh', 103, 'login', '2022-01-12 03:52:31', '127.0.0.1', 400),
(642, 'rok1vqs83cjs58u7agclki7djh', 103, 'login', '2022-01-12 03:52:36', '127.0.0.1', 400),
(643, 'rok1vqs83cjs58u7agclki7djh', 76, 'login', '2022-01-12 03:52:40', '127.0.0.1', 200),
(644, 'rok1vqs83cjs58u7agclki7djh', 76, 'login_check', '2022-01-12 03:52:49', '127.0.0.1', 200),
(645, 'rok1vqs83cjs58u7agclki7djh', 76, 'get_user_details', '2022-01-12 03:52:59', '127.0.0.1', 200),
(646, 'rok1vqs83cjs58u7agclki7djh', 104, 'logout', '2022-01-12 03:53:06', '127.0.0.1', 200),
(647, 'fbhi84f92ptdqsnkkoah897liq', NULL, 'username_exists', '2022-01-12 03:53:08', '127.0.0.1', 400),
(648, 'rok1vqs83cjs58u7agclki7djh', 104, 'No action set', '2022-01-12 03:53:58', '127.0.0.1', 400),
(649, 'rok1vqs83cjs58u7agclki7djh', 104, 'Invalid', '2022-01-12 03:53:59', '127.0.0.1', 400),
(650, 'rok1vqs83cjs58u7agclki7djh', 104, 'login_check', '2022-01-12 03:53:59', '127.0.0.1', 401),
(651, 'rok1vqs83cjs58u7agclki7djh', 104, 'get_user_details', '2022-01-12 03:53:59', '127.0.0.1', 200),
(652, 'rok1vqs83cjs58u7agclki7djh', 104, 'login', '2022-01-12 03:54:00', '127.0.0.1', 400),
(653, 'rok1vqs83cjs58u7agclki7djh', 104, 'login', '2022-01-12 03:54:00', '127.0.0.1', 400),
(654, 'rok1vqs83cjs58u7agclki7djh', 104, 'login', '2022-01-12 03:54:01', '127.0.0.1', 400),
(655, 'rok1vqs83cjs58u7agclki7djh', 76, 'login', '2022-01-12 03:54:02', '127.0.0.1', 200),
(656, 'rok1vqs83cjs58u7agclki7djh', 76, 'login_check', '2022-01-12 03:54:04', '127.0.0.1', 200),
(657, 'rok1vqs83cjs58u7agclki7djh', 76, 'get_user_details', '2022-01-12 03:54:04', '127.0.0.1', 200),
(658, 'rok1vqs83cjs58u7agclki7djh', 105, 'logout', '2022-01-12 03:54:05', '127.0.0.1', 200),
(659, '0qqu8rq5oqvt98ucipcphse42t', NULL, 'Invalid', '2022-01-12 03:54:05', '127.0.0.1', 400),
(660, 'rok1vqs83cjs58u7agclki7djh', 105, 'No action set', '2022-01-12 03:55:37', '127.0.0.1', 400),
(661, 'rok1vqs83cjs58u7agclki7djh', 105, 'Invalid', '2022-01-12 03:55:38', '127.0.0.1', 400),
(662, 'rok1vqs83cjs58u7agclki7djh', 105, 'login_check', '2022-01-12 03:55:39', '127.0.0.1', 401),
(663, 'rok1vqs83cjs58u7agclki7djh', 105, 'get_user_details', '2022-01-12 03:55:39', '127.0.0.1', 200),
(664, 'rok1vqs83cjs58u7agclki7djh', 105, 'login', '2022-01-12 03:55:39', '127.0.0.1', 400),
(665, 'rok1vqs83cjs58u7agclki7djh', 105, 'login', '2022-01-12 03:55:39', '127.0.0.1', 400),
(666, 'rok1vqs83cjs58u7agclki7djh', 105, 'login', '2022-01-12 03:55:39', '127.0.0.1', 400),
(667, 'rok1vqs83cjs58u7agclki7djh', 76, 'login', '2022-01-12 03:55:40', '127.0.0.1', 200),
(668, 'rok1vqs83cjs58u7agclki7djh', 76, 'login_check', '2022-01-12 03:55:41', '127.0.0.1', 200),
(669, 'rok1vqs83cjs58u7agclki7djh', 76, 'get_user_details', '2022-01-12 03:55:41', '127.0.0.1', 200),
(670, 'rok1vqs83cjs58u7agclki7djh', 106, 'logout', '2022-01-12 03:55:42', '127.0.0.1', 200),
(671, 'rok1vqs83cjs58u7agclki7djh', 106, 'username_exists', '2022-01-12 03:55:43', '127.0.0.1', 200),
(672, '7gl85plo86i4h9qg76gpgc9hk8', NULL, 'username_exists', '2022-01-12 03:55:45', '127.0.0.1', 400),
(673, 'rok1vqs83cjs58u7agclki7djh', 106, 'No action set', '2022-01-12 03:56:10', '127.0.0.1', 400),
(674, 'rok1vqs83cjs58u7agclki7djh', 106, 'Invalid', '2022-01-12 03:56:10', '127.0.0.1', 400),
(675, 'rok1vqs83cjs58u7agclki7djh', 106, 'login_check', '2022-01-12 03:56:11', '127.0.0.1', 401),
(676, 'rok1vqs83cjs58u7agclki7djh', 106, 'get_user_details', '2022-01-12 03:56:16', '127.0.0.1', 200),
(677, 'rok1vqs83cjs58u7agclki7djh', 106, 'login', '2022-01-12 03:56:20', '127.0.0.1', 400),
(678, 'rok1vqs83cjs58u7agclki7djh', 106, 'login', '2022-01-12 03:56:21', '127.0.0.1', 400),
(679, 'rok1vqs83cjs58u7agclki7djh', 106, 'login', '2022-01-12 03:56:23', '127.0.0.1', 400),
(680, 'rok1vqs83cjs58u7agclki7djh', 76, 'login', '2022-01-12 03:56:23', '127.0.0.1', 200),
(681, 'rok1vqs83cjs58u7agclki7djh', 76, 'login_check', '2022-01-12 03:56:25', '127.0.0.1', 200),
(682, 'rok1vqs83cjs58u7agclki7djh', 76, 'get_user_details', '2022-01-12 03:56:26', '127.0.0.1', 200),
(683, 'rok1vqs83cjs58u7agclki7djh', 107, 'logout', '2022-01-12 03:56:27', '127.0.0.1', 200),
(684, 'rok1vqs83cjs58u7agclki7djh', 107, 'username_exists', '2022-01-12 03:56:28', '127.0.0.1', 200),
(685, 'rok1vqs83cjs58u7agclki7djh', 107, 'username_exists', '2022-01-12 03:56:29', '127.0.0.1', 404),
(686, 'rok1vqs83cjs58u7agclki7djh', 107, 'register', '2022-01-12 03:56:30', '127.0.0.1', 400),
(687, 'rok1vqs83cjs58u7agclki7djh', 107, 'register', '2022-01-12 03:56:32', '127.0.0.1', 403),
(688, 'rok1vqs83cjs58u7agclki7djh', 107, 'register', '2022-01-12 03:56:34', '127.0.0.1', 400),
(689, 'rok1vqs83cjs58u7agclki7djh', 107, 'register', '2022-01-12 03:56:36', '127.0.0.1', 400),
(690, 'rok1vqs83cjs58u7agclki7djh', 107, 'register', '2022-01-12 03:56:38', '127.0.0.1', 400),
(691, 'rok1vqs83cjs58u7agclki7djh', 107, 'register', '2022-01-12 03:56:39', '127.0.0.1', 200),
(692, 'rok1vqs83cjs58u7agclki7djh', 107, 'login_check', '2022-01-12 03:56:41', '127.0.0.1', 200),
(693, 'rok1vqs83cjs58u7agclki7djh', 107, 'update_username', '2022-01-12 03:56:43', '127.0.0.1', 400),
(694, 'rok1vqs83cjs58u7agclki7djh', 107, 'update_username', '2022-01-12 03:56:44', '127.0.0.1', 400),
(695, 'rok1vqs83cjs58u7agclki7djh', 107, 'update_username', '2022-01-12 03:56:46', '127.0.0.1', 400),
(696, 'rok1vqs83cjs58u7agclki7djh', 107, 'update_username', '2022-01-12 03:56:47', '127.0.0.1', 400),
(697, 'rok1vqs83cjs58u7agclki7djh', 107, 'update_password', '2022-01-12 03:56:48', '127.0.0.1', 400),
(698, 'rok1vqs83cjs58u7agclki7djh', 107, 'update_password', '2022-01-12 03:56:56', '127.0.0.1', 400),
(699, 'rok1vqs83cjs58u7agclki7djh', 107, 'update_password', '2022-01-12 03:56:57', '127.0.0.1', 400),
(700, 'rok1vqs83cjs58u7agclki7djh', 107, 'update_password', '2022-01-12 03:56:58', '127.0.0.1', 200),
(701, 'rok1vqs83cjs58u7agclki7djh', 107, 'delete_account', '2022-01-12 03:57:00', '127.0.0.1', 400),
(702, 'rok1vqs83cjs58u7agclki7djh', 107, 'delete_account', '2022-01-12 03:57:00', '127.0.0.1', 400),
(703, 'rok1vqs83cjs58u7agclki7djh', 107, 'No action set', '2022-01-12 03:57:05', '127.0.0.1', 400),
(704, 'rok1vqs83cjs58u7agclki7djh', 107, 'Invalid', '2022-01-12 03:57:05', '127.0.0.1', 400),
(705, 'rok1vqs83cjs58u7agclki7djh', 107, 'login_check', '2022-01-12 03:57:06', '127.0.0.1', 200),
(706, 'rok1vqs83cjs58u7agclki7djh', 107, 'get_user_details', '2022-01-12 03:57:06', '127.0.0.1', 200),
(707, 'rok1vqs83cjs58u7agclki7djh', 107, 'login', '2022-01-12 03:57:06', '127.0.0.1', 400),
(708, 'rok1vqs83cjs58u7agclki7djh', 107, 'login', '2022-01-12 03:57:06', '127.0.0.1', 400),
(709, 'rok1vqs83cjs58u7agclki7djh', 107, 'login', '2022-01-12 03:57:06', '127.0.0.1', 400),
(710, 'rok1vqs83cjs58u7agclki7djh', 76, 'login', '2022-01-12 03:57:06', '127.0.0.1', 200),
(711, 'rok1vqs83cjs58u7agclki7djh', 76, 'login_check', '2022-01-12 03:57:06', '127.0.0.1', 200),
(712, 'rok1vqs83cjs58u7agclki7djh', 76, 'get_user_details', '2022-01-12 03:57:06', '127.0.0.1', 200),
(713, 'rok1vqs83cjs58u7agclki7djh', 108, 'logout', '2022-01-12 03:57:07', '127.0.0.1', 200),
(714, 'rok1vqs83cjs58u7agclki7djh', 108, 'username_exists', '2022-01-12 03:57:07', '127.0.0.1', 200),
(715, 'rok1vqs83cjs58u7agclki7djh', 108, 'username_exists', '2022-01-12 03:57:07', '127.0.0.1', 200),
(716, 'rok1vqs83cjs58u7agclki7djh', 108, 'register', '2022-01-12 03:57:07', '127.0.0.1', 400),
(717, 'rok1vqs83cjs58u7agclki7djh', 108, 'register', '2022-01-12 03:57:07', '127.0.0.1', 403),
(718, 'rok1vqs83cjs58u7agclki7djh', 108, 'register', '2022-01-12 03:57:07', '127.0.0.1', 400),
(719, 'rok1vqs83cjs58u7agclki7djh', 108, 'register', '2022-01-12 03:57:07', '127.0.0.1', 403),
(720, 'rok1vqs83cjs58u7agclki7djh', 108, 'register', '2022-01-12 03:57:07', '127.0.0.1', 403),
(721, 'rok1vqs83cjs58u7agclki7djh', 108, 'register', '2022-01-12 03:57:08', '127.0.0.1', 403),
(722, 'rok1vqs83cjs58u7agclki7djh', 108, 'login_check', '2022-01-12 03:57:08', '127.0.0.1', 401),
(723, 'rok1vqs83cjs58u7agclki7djh', 108, 'update_username', '2022-01-12 03:57:08', '127.0.0.1', 400),
(724, 'rok1vqs83cjs58u7agclki7djh', 108, 'update_username', '2022-01-12 03:57:08', '127.0.0.1', 400),
(725, 'rok1vqs83cjs58u7agclki7djh', 108, 'update_username', '2022-01-12 03:57:08', '127.0.0.1', 400),
(726, 'rok1vqs83cjs58u7agclki7djh', 108, 'update_username', '2022-01-12 03:57:09', '127.0.0.1', 400),
(727, 'rok1vqs83cjs58u7agclki7djh', 108, 'update_password', '2022-01-12 03:57:09', '127.0.0.1', 400),
(728, 'rok1vqs83cjs58u7agclki7djh', 108, 'update_password', '2022-01-12 03:57:09', '127.0.0.1', 400),
(729, 'rok1vqs83cjs58u7agclki7djh', 108, 'update_password', '2022-01-12 03:57:10', '127.0.0.1', 400),
(730, 'rok1vqs83cjs58u7agclki7djh', 108, 'update_password', '2022-01-12 03:57:10', '127.0.0.1', 400),
(731, 'rok1vqs83cjs58u7agclki7djh', 108, 'delete_account', '2022-01-12 03:57:11', '127.0.0.1', 400),
(732, 'rok1vqs83cjs58u7agclki7djh', 108, 'delete_account', '2022-01-12 03:57:12', '127.0.0.1', 400),
(733, 'rok1vqs83cjs58u7agclki7djh', 103, 'login', '2022-01-12 03:59:43', '127.0.0.1', 200),
(734, 'rok1vqs83cjs58u7agclki7djh', 103, 'delete_account', '2022-01-12 04:00:09', '127.0.0.1', 200),
(735, 'rok1vqs83cjs58u7agclki7djh', 103, 'login', '2022-01-12 04:00:49', '127.0.0.1', 400),
(736, 'rok1vqs83cjs58u7agclki7djh', 107, 'login', '2022-01-12 04:01:04', '127.0.0.1', 200),
(737, 'rok1vqs83cjs58u7agclki7djh', 107, 'delete_account', '2022-01-12 04:01:20', '127.0.0.1', 200),
(738, 'rok1vqs83cjs58u7agclki7djh', 107, 'No action set', '2022-01-12 04:01:29', '127.0.0.1', 400),
(739, 'rok1vqs83cjs58u7agclki7djh', 107, 'Invalid', '2022-01-12 04:01:29', '127.0.0.1', 400),
(740, 'rok1vqs83cjs58u7agclki7djh', 109, 'login_check', '2022-01-12 04:01:29', '127.0.0.1', 401),
(741, 'rok1vqs83cjs58u7agclki7djh', 109, 'get_user_details', '2022-01-12 04:01:30', '127.0.0.1', 200),
(742, 'rok1vqs83cjs58u7agclki7djh', 109, 'login', '2022-01-12 04:01:30', '127.0.0.1', 400),
(743, 'rok1vqs83cjs58u7agclki7djh', 109, 'login', '2022-01-12 04:01:30', '127.0.0.1', 400),
(744, 'rok1vqs83cjs58u7agclki7djh', 109, 'login', '2022-01-12 04:01:30', '127.0.0.1', 400),
(745, 'rok1vqs83cjs58u7agclki7djh', 76, 'login', '2022-01-12 04:01:30', '127.0.0.1', 200),
(746, 'rok1vqs83cjs58u7agclki7djh', 76, 'login_check', '2022-01-12 04:01:30', '127.0.0.1', 200),
(747, 'rok1vqs83cjs58u7agclki7djh', 76, 'get_user_details', '2022-01-12 04:01:30', '127.0.0.1', 200),
(748, 'rok1vqs83cjs58u7agclki7djh', 110, 'logout', '2022-01-12 04:01:30', '127.0.0.1', 200),
(749, 'rok1vqs83cjs58u7agclki7djh', 110, 'username_exists', '2022-01-12 04:01:31', '127.0.0.1', 200),
(750, 'rok1vqs83cjs58u7agclki7djh', 110, 'username_exists', '2022-01-12 04:01:31', '127.0.0.1', 404),
(751, 'rok1vqs83cjs58u7agclki7djh', 110, 'register', '2022-01-12 04:01:31', '127.0.0.1', 400),
(752, 'rok1vqs83cjs58u7agclki7djh', 110, 'register', '2022-01-12 04:01:31', '127.0.0.1', 403),
(753, 'rok1vqs83cjs58u7agclki7djh', 110, 'register', '2022-01-12 04:01:31', '127.0.0.1', 400),
(754, 'rok1vqs83cjs58u7agclki7djh', 110, 'register', '2022-01-12 04:01:31', '127.0.0.1', 400),
(755, 'rok1vqs83cjs58u7agclki7djh', 110, 'register', '2022-01-12 04:01:32', '127.0.0.1', 400),
(756, 'rok1vqs83cjs58u7agclki7djh', 110, 'register', '2022-01-12 04:01:32', '127.0.0.1', 200),
(757, 'rok1vqs83cjs58u7agclki7djh', 110, 'login_check', '2022-01-12 04:01:32', '127.0.0.1', 200),
(758, 'rok1vqs83cjs58u7agclki7djh', 110, 'update_username', '2022-01-12 04:01:33', '127.0.0.1', 400),
(759, 'rok1vqs83cjs58u7agclki7djh', 110, 'update_username', '2022-01-12 04:01:33', '127.0.0.1', 400),
(760, 'rok1vqs83cjs58u7agclki7djh', 110, 'update_username', '2022-01-12 04:01:40', '127.0.0.1', 400),
(761, 'rok1vqs83cjs58u7agclki7djh', 110, 'update_username', '2022-01-12 04:01:43', '127.0.0.1', 200),
(762, 'rok1vqs83cjs58u7agclki7djh', 110, 'update_password', '2022-01-12 04:01:49', '127.0.0.1', 400),
(763, 'rok1vqs83cjs58u7agclki7djh', 110, 'update_password', '2022-01-12 04:01:52', '127.0.0.1', 400),
(764, 'rok1vqs83cjs58u7agclki7djh', 110, 'update_password', '2022-01-12 04:01:54', '127.0.0.1', 400),
(765, 'rok1vqs83cjs58u7agclki7djh', 110, 'update_password', '2022-01-12 04:01:56', '127.0.0.1', 200),
(766, 'rok1vqs83cjs58u7agclki7djh', 110, 'delete_account', '2022-01-12 04:01:57', '127.0.0.1', 400),
(767, 'rok1vqs83cjs58u7agclki7djh', 110, 'delete_account', '2022-01-12 04:02:00', '127.0.0.1', 200);

-- --------------------------------------------------------

--
-- Table structure for table `puzzlehistory`
--

CREATE TABLE `puzzlehistory` (
  `id` int(10) UNSIGNED NOT NULL,
  `userID` int(10) UNSIGNED NOT NULL,
  `puzzleID` int(10) UNSIGNED NOT NULL,
  `date` datetime NOT NULL DEFAULT CURRENT_TIMESTAMP,
  `status` varchar(20) NOT NULL,
  `time` int(6) NOT NULL,
  `hintsUsed` int(4) NOT NULL
) ENGINE=InnoDB DEFAULT CHARSET=latin1;

-- --------------------------------------------------------

--
-- Table structure for table `puzzles`
--

CREATE TABLE `puzzles` (
  `id` int(10) UNSIGNED NOT NULL,
  `solutionID` int(10) UNSIGNED NOT NULL,
  `numbers` varchar(81) NOT NULL,
  `createdDate` datetime NOT NULL DEFAULT CURRENT_TIMESTAMP,
  `methods` varchar(12) NOT NULL,
  `clues` int(2) NOT NULL
) ENGINE=InnoDB DEFAULT CHARSET=latin1;

-- --------------------------------------------------------

--
-- Table structure for table `sessions`
--

CREATE TABLE `sessions` (
  `id` varchar(63) CHARACTER SET ascii NOT NULL DEFAULT '',
  `data` text,
  `lastUpdate` int(10) UNSIGNED DEFAULT NULL,
  `loggedUser` int(10) UNSIGNED DEFAULT NULL
) ENGINE=InnoDB DEFAULT CHARSET=utf8;

--
-- Dumping data for table `sessions`
--

INSERT INTO `sessions` (`id`, `data`, `lastUpdate`, `loggedUser`) VALUES
('06v42nnre9p6p7lu1jsrpghjbh', 'CREATED|i:1636860365;', 1636860365, NULL),
('0eioocmlmeksbfqkm1h26bmdcj', 'CREATED|i:1636862155;', 1636862155, NULL),
('0qqu8rq5oqvt98ucipcphse42t', 'CREATED|i:1641956045;LASTACCESS|d:1641956045925;', 1641956045, NULL),
('157hcc4csbipmo49tt7ut27h06', 'CREATED|i:1636854529;', 1636854529, NULL),
('15a0ahqen412idr25ohruf4ini', 'CREATED|i:1641953363;LASTACCESS|d:1641953363559;', 1641953363, NULL),
('17o7tdb05vfrof190jqfvahvph', 'CREATED|i:1636862715;', 1636862715, NULL),
('1bqguh14mesam5rsk8aau2ba2v', 'CREATED|i:1636854913;', 1636854913, NULL),
('1d0e7fgd6id8ifemo7c5irpecv', 'CREATED|i:1636863701;', 1636863701, NULL),
('1q7g5tvmad19ospn6h33vti45j', 'CREATED|i:1636854344;', 1636854344, NULL),
('23e2k9m7rbn875glkjlpmbof62', 'CREATED|i:1641802627;', 1641802627, NULL),
('24hsgnslf6lr83s0t455k8ubjk', 'CREATED|i:1636945405;userID|s:2:\"66\";', 1638172333, 66),
('2ifac4e5o72lbvhk9dlj4ojbc2', 'CREATED|i:1636862039;', 1636862039, NULL),
('2l61klim5kfk6gdbcut6qmnjli', 'CREATED|i:1636860567;', 1636860567, NULL),
('2m7fl0i3p6uvl96fhv7677d9oi', 'CREATED|i:1641898536;', 1641898536, NULL),
('2n4tes57ra26oiej7aar4ve7g3', 'CREATED|i:1641877912;', 1641877912, NULL),
('2nbakbg2393rj9mdmcg1tmmcmk', 'CREATED|i:1636856410;', 1636856410, NULL),
('2u5h03bc74cdlb3j0bvm2hvn10', 'CREATED|i:1641882985;LASTACCESS|d:1641882985410;', 1641882985, NULL),
('32cltdm6m864l3o99qumc9g2n0', 'CREATED|i:1636862115;', 1636862115, NULL),
('333p0ck57ap52h7p9t5gl29uf5', 'CREATED|i:1636856289;userID|s:2:\"33\";', 1636857322, NULL),
('34fg3n3il43j37fe0rhdaq6fus', 'CREATED|i:1636859624;', 1636859624, NULL),
('3tqjq3daq0vuc9u1crthcfg3sd', 'CREATED|i:1641953299;LASTACCESS|d:1641953299178;', 1641953299, NULL),
('49q7she9blidp0vqp99rv6d6p7', 'CREATED|i:1636933896;userID|s:2:\"37\";', 1636933896, NULL),
('4bmpbru6p2s4jsol8dnfn1gj95', 'CREATED|i:1641802560;', 1641802560, NULL),
('4ck1rgoqcjot0s1jg6vidqpk0v', 'CREATED|i:1636943025;userID|s:2:\"44\";', 1636943025, NULL),
('4ei7tevg083rqt9cu468gdb25d', 'CREATED|i:1636943401;userID|s:2:\"50\";', 1636943401, NULL),
('4i21m2r96ce92rnm1jdrimjeat', 'CREATED|i:1636854825;', 1636854825, NULL),
('4kjn5m46u8fg726dlqhqe4l84u', 'CREATED|i:1641885324;', 1641885324, NULL),
('4nkt51vsb7j8cn517ag8av1eci', 'CREATED|i:1636935541;', 1636935541, NULL),
('4q4do2vikt3latnbphabbv6l36', 'CREATED|i:1641632348;', 1641632348, NULL),
('555puhfchva20tfpl49acu3d3n', 'CREATED|i:1636943279;userID|s:2:\"48\";', 1636943279, NULL),
('5646mknsuckgmh57e3c55c39jf', 'CREATED|i:1636944951;userID|s:2:\"55\";', 1636944951, NULL),
('5i2731088mu26568mrgk1sqiio', 'CREATED|i:1641953737;LASTACCESS|d:1641953737437;', 1641953737, NULL),
('5j8e88ch1h65vkgtire79992dl', 'CREATED|i:1641953149;LASTACCESS|d:1641953149136;', 1641953149, NULL),
('5ksm1glk2i4h9ss52dvv6nlriv', 'CREATED|i:1641953491;LASTACCESS|d:1641953491207;', 1641953491, NULL),
('5rq0bhkbttl5baj1cgf0rmksmt', 'CREATED|i:1641883062;', 1641883062, NULL),
('66jqs7iirbk8u4a0udfjoeek81', 'CREATED|i:1636859628;', 1636859628, NULL),
('6al5urrdntmn971di87ff5s7k7', 'CREATED|i:1636855070;', 1636855070, NULL),
('6cphv1q32i2f9bua76q0i7g81u', 'CREATED|i:1641873907;', 1641873907, NULL),
('6e9uueg1ufh84h4ga1197prslc', 'CREATED|i:1641868518;', 1641868518, NULL),
('6l195g1e1jeqsdav6a1uiqqq11', 'CREATED|i:1636854528;', 1636854528, NULL),
('6m9493qh0r8gg7e745b0an6m4q', 'CREATED|i:1636859675;', 1636859675, NULL),
('6mf7lb257mrg0n1j3deftuk2gu', 'CREATED|i:1636943347;userID|s:2:\"49\";', 1636943347, NULL),
('6p4og41u57lga8lc23t9lpf5pp', 'CREATED|i:1641953253;LASTACCESS|d:1641953253272;', 1641953253, NULL),
('74ghtsdqma46ijr38moc9h39tf', 'CREATED|i:1641952977;LASTACCESS|d:1641952977434;', 1641952977, NULL),
('75ukg3sl1unkk9eoa7vrprkpk2', 'CREATED|i:1636865265;', 1636865265, NULL),
('78q4n8i0fgr3iuqq7c57lmujq0', 'CREATED|i:1636855952;', 1636855952, NULL),
('7b65hp44nqk85nkjd6fi7ap3l6', 'CREATED|i:1641535277;', 1641535277, NULL),
('7gl85plo86i4h9qg76gpgc9hk8', 'CREATED|i:1641956145;LASTACCESS|d:1641956145381;', 1641956145, NULL),
('8a95nbdgtd05qh4m26o1i381j2', 'CREATED|i:1641519053;', 1641519053, NULL),
('8e9g6vhjl86n40laka41601gus', 'CREATED|i:1641952321;LASTACCESS|d:1641952321400;', 1641952321, NULL),
('8ecnmdaca9voe8r3pr4l93gvpm', 'CREATED|i:1636859318;', 1636859318, NULL),
('8fnbo0t4gbjaq3fvhdq4hfmb9b', 'CREATED|i:1636855070;', 1636855070, NULL),
('8on5j0a7ffnb9nvbjtfjgmf6hv', 'CREATED|i:1641685315;', 1641685315, NULL),
('9gei3nqkr70bovd3ujmrppj45c', 'CREATED|i:1636855495;', 1636855495, NULL),
('9hv401jkq8ceirugppfidrfrj3', 'CREATED|i:1641882985;LASTACCESS|d:1641882985408;', 1641882985, NULL),
('9hvrk25io4v2ue8vq69cv98pmt', 'CREATED|i:1636862657;', 1636862657, NULL),
('9j7flam3m272dockp8lvjk4qnd', 'CREATED|i:1636854913;', 1636854913, NULL),
('9n34jgfuhb3ntcct2v15m38t25', 'CREATED|i:1641868518;', 1641868518, NULL),
('9tv5oirsnoha3dlig7vbna7vm9', 'CREATED|i:1636859628;', 1636859628, NULL),
('9vp85cmfbsngum3h4k0msbk1sg', 'CREATED|i:1636856405;', 1636856405, NULL),
('9vpuvf5ahg50g6lld0po9gtob7', 'CREATED|i:1636940250;userID|s:2:\"42\";', 1636940250, NULL),
('a1ccnvn89lki4t1ukvkk32r07m', 'CREATED|i:1636943073;userID|s:2:\"45\";', 1636943073, NULL),
('a6q0cdas8vsppbd9ehdni6o4ab', 'CREATED|i:1638168058;', 1638168058, NULL),
('a7lr0gi0ssef0m7qg04pv8465f', 'CREATED|i:1641697513;', 1641697513, NULL),
('am3odtmf8v4vvd57s26dbjvo3a', 'CREATED|i:1641802656;', 1641802656, NULL),
('b3fa8hn47p5eltvjrjltk1js6f', 'CREATED|i:1636933900;', 1636933900, NULL),
('b402oahi54tb6od782ll8lf0ld', 'CREATED|i:1636857409;LASTACCESS|d:1641880567220;', 1641880567, NULL),
('bg803hfi56249pbokca4bcscet', 'CREATED|i:1636862073;', 1636862073, NULL),
('bk4s7vgd5ubb8i58oe54p1e0h5', 'CREATED|i:1641636568;', 1641636568, NULL),
('c59sqbv73nh6pes6m50b78kfhj', 'CREATED|i:1641802329;', 1641802329, NULL),
('cahknhrvqjbdfb26an7dmdg4fi', 'CREATED|i:1636861924;', 1636861924, NULL),
('cfsc3dbmof83uqojb90elgtil4', 'CREATED|i:1641953425;LASTACCESS|d:1641953425876;', 1641953425, NULL),
('d3pcfu8lo2d2979hoq9m8to984', 'CREATED|i:1641868518;', 1641868518, NULL),
('dde8hqdifkva3ie8r5cg2rj7dm', 'CREATED|i:1641880596;LASTACCESS|d:1641953208981;userID|s:2:\"99\";userRole|s:5:\"admin\";', 1641953208, 99),
('dm3f2brm6e03m10v8es1nlvpg4', 'CREATED|i:1636854760;', 1636854760, NULL),
('dss2tndqb9j85qq7ektpm70bf9', 'CREATED|i:1636854825;', 1636854825, NULL),
('eae711v8t2hb6gdtp2mgajjlgi', 'CREATED|i:1636859698;', 1636859698, NULL),
('ejbks2k1akktfulqcu54i97s8g', 'CREATED|i:1636855237;', 1636855237, NULL),
('ekepl4bdds63835k2am3ibf6m9', 'CREATED|i:1636865151;', 1636865151, NULL),
('fbhi84f92ptdqsnkkoah897liq', 'CREATED|i:1641955988;LASTACCESS|d:1641955988410;', 1641955988, NULL),
('fd0769395fdl0c13jttjljpp5m', 'CREATED|i:1636944925;userID|s:2:\"54\";', 1636944925, NULL),
('fhjn1vof2ves46t66p9hc8s8lu', 'CREATED|i:1641952605;LASTACCESS|d:1641952605326;', 1641952605, NULL),
('fjh4lr5rskl5ccvrqnmu6q8sd2', 'CREATED|i:1636940177;userID|s:2:\"40\";', 1636940177, NULL),
('fm3q8li2bn0ahko70q4e35tq92', 'CREATED|i:1641802508;', 1641802508, NULL),
('g3qc9ogul7dirdg2c563od0ljd', 'CREATED|i:1641460089;', 1641460089, NULL),
('g6c9mf8s27o4mkssalbir30e5h', 'CREATED|i:1636856657;', 1636856657, NULL),
('g93oqc12bjjapkbdkg35m3vtgv', 'CREATED|i:1641802546;', 1641802546, NULL),
('goq8mo0tu1lefqk4fhrlhhd2u1', 'CREATED|i:1636942930;', 1636942930, NULL),
('gsdoanru75n8kra0uheaomecpg', 'CREATED|i:1636856273;', 1636856273, NULL),
('h2bnvfqmjkmbpbr9cjflto3g9m', 'CREATED|i:1636943626;userID|s:2:\"53\";', 1636943626, NULL),
('h4avgjv5h3u7rv76nuf2pmfk5p', 'CREATED|i:1641802326;', 1641802326, NULL),
('i2edrdcdt94065nj33to7tgsbs', 'CREATED|i:1641802150;', 1641802150, NULL),
('ibbgmjsoc1imfcc94o038bakml', 'CREATED|i:1636854316;', 1636854316, NULL),
('imm28k5c4eao66obp47bujemgd', 'CREATED|i:1636854511;', 1636854511, NULL),
('j1sfepdqefrtlcdh3pibf3126o', 'CREATED|i:1636856117;', 1636856117, NULL),
('j2b235j7gogp8mukmivffv5uh3', 'CREATED|i:1641859575;', 1641859575, NULL),
('jjojm4pf8e9nhi99l2f42deiaq', 'CREATED|i:1641897361;', 1641897361, NULL),
('juptuic32fghecirsv0hhamog6', 'CREATED|i:1636933408;', 1636933408, NULL),
('k0dkj2glv3ee4hp4fo9e5snbui', 'CREATED|i:1636860436;userID|s:2:\"35\";', 1636860567, NULL),
('k0hluk04jk4kf54knlkuom3bv6', 'CREATED|i:1636854760;', 1636854760, NULL),
('k6hq2v653laq063otnljf1issb', 'CREATED|i:1636861066;', 1636861066, NULL),
('kj56srtci3igpesr30in20ge2c', 'CREATED|i:1641529157;', 1641529157, NULL),
('l8g0tism9gq0kp5jjpmpgehat6', 'CREATED|i:1636859570;', 1636865255, NULL),
('ld5goliu3oqtjkntaru9vkr5pd', 'CREATED|i:1641683700;', 1641683700, NULL),
('lebpej404c05nsrn68rhvcmeak', 'CREATED|i:1636945624;', 1636945624, NULL),
('m91qojjuiiqrjj217d02h4frcd', 'CREATED|i:1641953753;LASTACCESS|d:1641953753510;', 1641953753, NULL),
('mghhl463ort05ji3m7rpra4ele', 'CREATED|i:1636942911;userID|s:2:\"43\";', 1636942911, NULL),
('mif8oedhvu0hepmpic25t7eajt', 'CREATED|i:1636943518;userID|s:2:\"52\";', 1636943518, NULL),
('mjho0vfv1r35m4dm6eefuvgvis', 'CREATED|i:1636855355;', 1636855355, NULL),
('n0t6bd6le0939n58i5d88ab2n9', 'CREATED|i:1636856395;', 1636856395, NULL),
('n867s2o5e428905sf6i2pltn2u', 'CREATED|i:1641898515;', 1641898515, NULL),
('ndd9bkg1is038lqpdmm2l1rsat', 'CREATED|i:1641953325;LASTACCESS|d:1641953325547;', 1641953325, NULL),
('nfdfsvgmn8d4jg1nnafigsk9hd', 'CREATED|i:1641807429;', 1641807429, NULL),
('nnmpobeti6nrv3446h0l4p3u48', 'CREATED|i:1641534236;', 1641534236, NULL),
('np0e9s0k6sofjofj0p5kogfgud', 'CREATED|i:1636859670;', 1636859670, NULL),
('o93fku4hhqb2vmnvhmo1m19sbt', 'CREATED|i:1641898609;', 1641898609, NULL),
('o9cmad1ackr3rp3e2urefdvrj5', 'CREATED|i:1636257648;userID|s:2:\"32\";', 1636855794, NULL),
('osd27i9du4u8vsrl2enpjn9pl2', 'CREATED|i:1641877552;', 1641877552, NULL),
('p26e2lj3ih4jcumi9qrvp3q8fq', 'CREATED|i:1636855590;', 1636855590, NULL),
('pf39d5v5m0ah0sp72mkcqkspfh', 'CREATED|i:1641529186;', 1641529186, NULL),
('pgc4b7r2568b3u2dhvujr6umle', 'CREATED|i:1636866141;userID|s:2:\"36\";', 1636945194, NULL),
('pi1s7lhjqpmlur5qqe9ktkuvei', 'CREATED|i:1641879359;', 1641879359, NULL),
('pj8odjat5lb3t2ikq83qqtkuaq', 'CREATED|i:1636863340;', 1636863340, NULL),
('pn1a2nhsaofmmc7ubu1k4jda8g', 'CREATED|i:1636856320;', 1636856320, NULL),
('ppropljrf4lujpmmur3gpvs0ph', 'CREATED|i:1636945212;userID|s:2:\"57\";', 1636945212, NULL),
('pr5q2r3rck1rgv8c6d5uegcuvu', 'CREATED|i:1641802490;', 1641802490, NULL),
('pvbolfjh6ip7h7g8qsfulebgfb', 'CREATED|i:1636854414;', 1636854414, NULL),
('q6etp6eq6g5io52cn4rqa2d4ej', 'CREATED|i:1641953120;LASTACCESS|d:1641953120479;', 1641953120, NULL),
('r0hqm1jd3767u93n9ufb2snsdj', 'CREATED|i:1641802449;', 1641802449, NULL),
('rafau9hehish50duafdivpu2gg', 'CREATED|i:1641885369;', 1641885369, NULL),
('rjqmdlj3odob43d4rkalbmedqv', 'CREATED|i:1636935668;userID|s:2:\"38\";', 1636935668, NULL),
('rok1vqs83cjs58u7agclki7djh', 'CREATED|i:1641941111;LASTACCESS|d:1641956520185;userID|s:3:\"110\";userRole|s:4:\"user\";', 1641956520, NULL),
('rt4s12sv3nbs8l0n3d6jnk9pkv', 'CREATED|i:1636859290;', 1636859290, NULL),
('rucg15bat88buojt8ac1loulii', 'CREATED|i:1641868518;', 1641868518, NULL),
('sl5s5tebs0k9toiksgsr14k96e', 'CREATED|i:1641898550;', 1641898550, NULL),
('sup9hjock0l65qbf5kg5s05kch', 'CREATED|i:1641521582;', 1641521582, NULL),
('t5pa0b5h4t8vpohce9hr44a6jh', 'CREATED|i:1636855788;', 1636855788, NULL),
('tra8sjhb0g2li4ilv1gbqu4csj', 'CREATED|i:1641802443;', 1641802443, NULL),
('tvrqg5tvbg1hc40gqbnph3tc52', 'CREATED|i:1641802223;', 1641802223, NULL),
('u66ke8um6phkatl84k7c09g5r6', 'CREATED|i:1641953569;LASTACCESS|d:1641953569252;', 1641953569, NULL),
('u9mh34hf7ak915embfrchbuobh', 'CREATED|i:1636940278;', 1636940278, NULL),
('udk5gnm0iljkbl1prj5u31e4so', 'CREATED|i:1636940211;userID|s:2:\"41\";', 1636940211, NULL),
('uh5frg5f9ndu239qsuq0ojbg8n', 'CREATED|i:1636854511;', 1636854511, NULL),
('uihnjrifq5a80dn591lumhoeg2', 'CREATED|i:1636854440;', 1636854440, NULL),
('uo9fnvbvvo0re8938bj3hanf0d', 'CREATED|i:1636945180;userID|s:2:\"56\";', 1636945180, NULL),
('uphik9pk43bd8s7dniai3i6jg9', 'CREATED|i:1641952641;LASTACCESS|d:1641952641893;', 1641952641, NULL),
('utiej83veldrgjnh62kk02m71u', 'CREATED|i:1641535264;', 1641535264, NULL),
('uv0pqta10it49a8duecr750gt7', 'CREATED|i:1641691742;LASTACCESS|d:1641691750712;userID|s:2:\"74\";', 1641691750, NULL),
('v01n83qqeeotjmsb1jiu3vtaqc', 'CREATED|i:1636943479;userID|s:2:\"51\";', 1636943479, NULL),
('v042kj4p7fvc7fbm2olduhib2l', 'CREATED|i:1641887154;', 1641887154, NULL),
('v6u5a2c3j4thhbjj7e9e9hvqjg', 'CREATED|i:1641953404;LASTACCESS|d:1641953404845;', 1641953404, NULL),
('v866kct24bes7s1ad77bo4rho8', 'CREATED|i:1636856406;', 1636856406, NULL),
('vdplh65n35h2a9vqboobh3bn3p', 'CREATED|i:1636940062;userID|s:2:\"39\";', 1636940062, NULL),
('ve26nlmbnbu1gmnghsneurbf36', 'CREATED|i:1636943262;userID|s:2:\"47\";', 1636943262, NULL),
('vgmkr474l27fh16u72s7liqg35', 'CREATED|i:1641802341;', 1641802341, NULL);

-- --------------------------------------------------------

--
-- Table structure for table `solutions`
--

CREATE TABLE `solutions` (
  `id` int(10) UNSIGNED NOT NULL,
  `numbers` varchar(81) NOT NULL,
  `createdDate` datetime NOT NULL DEFAULT CURRENT_TIMESTAMP
) ENGINE=InnoDB DEFAULT CHARSET=latin1;

--
-- Dumping data for table `solutions`
--

INSERT INTO `solutions` (`id`, `numbers`, `createdDate`) VALUES
(1, '1234567889', '2021-11-06 10:45:59');

-- --------------------------------------------------------

--
-- Table structure for table `users`
--

CREATE TABLE `users` (
  `id` int(10) UNSIGNED NOT NULL,
  `username` varchar(40) NOT NULL,
  `password` varchar(400) NOT NULL,
  `role` varchar(20) NOT NULL,
  `dateCreated` datetime NOT NULL DEFAULT CURRENT_TIMESTAMP,
  `methods` varchar(12) NOT NULL,
  `minimumClues` int(2) NOT NULL,
  `colour` varchar(20) NOT NULL
) ENGINE=InnoDB DEFAULT CHARSET=latin1;

--
-- Dumping data for table `users`
--

INSERT INTO `users` (`id`, `username`, `password`, `role`, `dateCreated`, `methods`, `minimumClues`, `colour`) VALUES
(50, 'Bye', 'n/a', 'guest', '2021-11-15 12:30:01', 'r', 40, 'default'),
(51, 'Guest654323', 'n/a', 'guest', '2021-11-15 12:31:19', 'r', 40, 'default'),
(52, 'Guest893185', 'n/a', 'guest', '2021-11-15 12:31:58', 'r', 40, 'default'),
(53, 'Guest998705', 'n/a', 'guest', '2021-11-15 12:33:46', 'r', 40, 'default'),
(54, 'Guest616349', 'n/a', 'guest', '2021-11-15 12:55:25', 'r', 40, 'default'),
(55, 'Guest755854', 'n/a', 'guest', '2021-11-15 12:55:51', 'r', 40, 'default'),
(56, 'Guest728520', 'n/a', 'guest', '2021-11-15 12:59:40', 'r', 40, 'default'),
(57, 'Guest180356', 'n/a', 'guest', '2021-11-15 13:00:12', 'r', 40, 'default'),
(58, 'Guest230721', 'n/a', 'guest', '2021-11-15 13:15:27', 'r', 40, 'default'),
(59, 'Guest536707', 'n/a', 'guest', '2021-11-29 16:43:20', 'r', 40, 'default'),
(60, 'Guest428847', 'n/a', 'guest', '2021-11-29 17:07:01', 'r', 40, 'default'),
(61, 'Guest786660', 'n/a', 'guest', '2021-11-29 17:09:36', 'r', 40, 'default'),
(62, 'Guest850898', 'n/a', 'guest', '2021-11-29 17:10:25', 'r', 40, 'default'),
(63, 'Guest358912', 'n/a', 'guest', '2021-11-29 17:10:37', 'r', 40, 'default'),
(64, 'Guest260667', 'n/a', 'guest', '2021-11-29 17:11:05', 'r', 40, 'default'),
(65, 'Guest215651', 'n/a', 'guest', '2021-11-29 17:12:10', 'r', 40, 'default'),
(66, 'Guest228887', 'n/a', 'guest', '2021-11-29 17:32:33', 'r', 40, 'default'),
(75, 'Test2', '$2y$10$FFMTdPZxsdvHwuR40ogq7Ohddd4mc/fVU91IHh7NlVkhmQT7grq3u', 'admin', '2022-01-11 15:09:11', 'r', 40, 'default'),
(76, 'USername', '$2y$10$n0me.yeHA4MxdqFm0WNDJORGDmRcavR.5l/wEk4r3RsFlL/lMwB4G', 'user', '2022-01-11 15:16:45', 'r', 40, 'default'),
(77, 'Username2', '$2y$10$km7uSTzXkYH6hINonUPbneUX9fCXM0OTMrYG.jNaJNmg27ImdXxE.', 'user', '2022-01-11 15:17:12', 'r', 40, 'default'),
(78, 'Otherguy', '$2y$10$ZSwm71qpHwKREMc9RGVSH.suQNhYeOkdAEwJ/SL8ZGTJRLeH2UIoC', 'admin', '2022-01-11 15:18:36', 'r', 40, 'default'),
(79, 'Guest969167', 'n/a', 'guest', '2022-01-11 16:05:45', 'r', 40, 'default'),
(80, 'Guest375804', 'n/a', 'guest', '2022-01-11 17:31:45', 'r', 40, 'default'),
(81, 'Guest120679', 'n/a', 'guest', '2022-01-11 17:32:35', 'r', 40, 'default'),
(82, 'Guest237959', 'n/a', 'guest', '2022-01-11 17:34:55', 'r', 40, 'default'),
(83, 'Guest227315', 'n/a', 'guest', '2022-01-11 17:34:59', 'r', 40, 'default'),
(84, 'Guest910439', 'n/a', 'guest', '2022-01-11 17:35:00', 'r', 40, 'default'),
(85, 'Guest513335', 'n/a', 'guest', '2022-01-11 17:35:01', 'r', 40, 'default'),
(86, 'Guest531624', 'n/a', 'guest', '2022-01-11 17:35:01', 'r', 40, 'default'),
(87, 'Guest625487', 'n/a', 'guest', '2022-01-11 17:35:01', 'r', 40, 'default'),
(88, 'Guest452686', 'n/a', 'guest', '2022-01-11 17:35:01', 'r', 40, 'default'),
(89, 'Guest684591', 'n/a', 'guest', '2022-01-11 17:35:01', 'r', 40, 'default'),
(90, 'Guest375176', 'n/a', 'guest', '2022-01-11 17:35:01', 'r', 40, 'default'),
(91, 'Guest805323', 'n/a', 'guest', '2022-01-11 17:35:02', 'r', 40, 'default'),
(92, 'Guest828380', 'n/a', 'guest', '2022-01-11 17:35:28', 'r', 40, 'default'),
(93, 'Riamu', '$2y$10$0DI7JZP9EL59wAT1DPsfcuv0IXAfxLicZYaJfBJEngKhM9Kx6yQai', 'admin', '2022-01-11 17:45:54', 'r', 40, 'default'),
(94, 'Guest302395', 'n/a', 'guest', '2022-01-11 17:47:52', 'r', 40, 'default'),
(95, 'Guest807459', 'n/a', 'guest', '2022-01-11 20:39:54', 'r', 40, 'default'),
(96, 'Guest897915', 'n/a', 'guest', '2022-01-11 20:57:26', 'r', 40, 'default'),
(97, 'Guest302514', 'n/a', 'guest', '2022-01-11 21:38:39', 'r', 40, 'default'),
(98, 'Guest407200', 'n/a', 'guest', '2022-01-11 21:38:43', 'r', 40, 'default'),
(99, 'Guest800263', 'n/a', 'guest', '2022-01-11 21:38:44', 'r', 40, 'default'),
(100, 'Guest609850', 'n/a', 'guest', '2022-01-12 08:45:36', 'r', 40, 'default'),
(101, 'Guest857774', 'n/a', 'guest', '2022-01-12 10:24:37', 'r', 40, 'default'),
(102, 'Guest364768', 'n/a', 'guest', '2022-01-12 10:24:39', 'r', 40, 'default'),
(104, 'Guest659024', 'n/a', 'guest', '2022-01-12 12:53:06', 'r', 40, 'default'),
(105, 'Guest758468', 'n/a', 'guest', '2022-01-12 12:54:05', 'r', 40, 'default'),
(106, 'Guest450812', 'n/a', 'guest', '2022-01-12 12:55:42', 'r', 40, 'default'),
(108, 'Guest369650', 'n/a', 'guest', '2022-01-12 12:57:07', 'r', 40, 'default'),
(109, 'Guest32453', 'n/a', 'guest', '2022-01-12 13:01:29', 'r', 40, 'default');

--
-- Indexes for dumped tables
--

--
-- Indexes for table `inprogress`
--
ALTER TABLE `inprogress`
  ADD PRIMARY KEY (`id`);

--
-- Indexes for table `logs`
--
ALTER TABLE `logs`
  ADD PRIMARY KEY (`id`),
  ADD KEY `userToLog` (`userID`),
  ADD KEY `logToSession` (`sessionID`);

--
-- Indexes for table `puzzlehistory`
--
ALTER TABLE `puzzlehistory`
  ADD PRIMARY KEY (`id`),
  ADD KEY `historyToUsers` (`userID`),
  ADD KEY `historyToPuzzle` (`puzzleID`);

--
-- Indexes for table `puzzles`
--
ALTER TABLE `puzzles`
  ADD PRIMARY KEY (`id`),
  ADD KEY `puzzleToSolution` (`solutionID`);

--
-- Indexes for table `sessions`
--
ALTER TABLE `sessions`
  ADD PRIMARY KEY (`id`),
  ADD KEY `lastUpdate` (`lastUpdate`),
  ADD KEY `sessionToUser` (`loggedUser`);

--
-- Indexes for table `solutions`
--
ALTER TABLE `solutions`
  ADD PRIMARY KEY (`id`);

--
-- Indexes for table `users`
--
ALTER TABLE `users`
  ADD PRIMARY KEY (`id`),
  ADD UNIQUE KEY `username` (`username`);

--
-- AUTO_INCREMENT for dumped tables
--

--
-- AUTO_INCREMENT for table `inprogress`
--
ALTER TABLE `inprogress`
  MODIFY `id` int(10) UNSIGNED NOT NULL AUTO_INCREMENT, AUTO_INCREMENT=2;

--
-- AUTO_INCREMENT for table `logs`
--
ALTER TABLE `logs`
  MODIFY `id` int(10) UNSIGNED NOT NULL AUTO_INCREMENT, AUTO_INCREMENT=768;

--
-- AUTO_INCREMENT for table `puzzlehistory`
--
ALTER TABLE `puzzlehistory`
  MODIFY `id` int(10) UNSIGNED NOT NULL AUTO_INCREMENT;

--
-- AUTO_INCREMENT for table `puzzles`
--
ALTER TABLE `puzzles`
  MODIFY `id` int(10) UNSIGNED NOT NULL AUTO_INCREMENT;

--
-- AUTO_INCREMENT for table `solutions`
--
ALTER TABLE `solutions`
  MODIFY `id` int(10) UNSIGNED NOT NULL AUTO_INCREMENT, AUTO_INCREMENT=2;

--
-- AUTO_INCREMENT for table `users`
--
ALTER TABLE `users`
  MODIFY `id` int(10) UNSIGNED NOT NULL AUTO_INCREMENT, AUTO_INCREMENT=111;

--
-- Constraints for dumped tables
--

--
-- Constraints for table `puzzlehistory`
--
ALTER TABLE `puzzlehistory`
  ADD CONSTRAINT `historyToPuzzle` FOREIGN KEY (`puzzleID`) REFERENCES `puzzles` (`id`),
  ADD CONSTRAINT `historyToUsers` FOREIGN KEY (`userID`) REFERENCES `users` (`id`);

--
-- Constraints for table `puzzles`
--
ALTER TABLE `puzzles`
  ADD CONSTRAINT `puzzleToSolution` FOREIGN KEY (`solutionID`) REFERENCES `solutions` (`id`);

--
-- Constraints for table `sessions`
--
ALTER TABLE `sessions`
  ADD CONSTRAINT `sessionToUser` FOREIGN KEY (`loggedUser`) REFERENCES `users` (`id`) ON DELETE SET NULL ON UPDATE SET NULL;
COMMIT;

/*!40101 SET CHARACTER_SET_CLIENT=@OLD_CHARACTER_SET_CLIENT */;
/*!40101 SET CHARACTER_SET_RESULTS=@OLD_CHARACTER_SET_RESULTS */;
/*!40101 SET COLLATION_CONNECTION=@OLD_COLLATION_CONNECTION */;
